-- phpMyAdmin SQL Dump
-- version 4.5.1
-- http://www.phpmyadmin.net
--
-- Host: 127.0.0.1
-- Generation Time: 31 Mar 2018 pada 09.05
-- Versi Server: 10.1.9-MariaDB
-- PHP Version: 5.6.15

SET SQL_MODE = "NO_AUTO_VALUE_ON_ZERO";
SET time_zone = "+00:00";


/*!40101 SET @OLD_CHARACTER_SET_CLIENT=@@CHARACTER_SET_CLIENT */;
/*!40101 SET @OLD_CHARACTER_SET_RESULTS=@@CHARACTER_SET_RESULTS */;
/*!40101 SET @OLD_COLLATION_CONNECTION=@@COLLATION_CONNECTION */;
/*!40101 SET NAMES utf8mb4 */;

--
-- Database: `penjadwalan`
--

-- --------------------------------------------------------

--
-- Struktur dari tabel `admin`
--

CREATE TABLE `admin` (
  `id_admin` int(11) NOT NULL,
  `username` varchar(255) NOT NULL,
  `password` varchar(255) NOT NULL
) ENGINE=InnoDB DEFAULT CHARSET=latin1;

--
-- Dumping data untuk tabel `admin`
--

INSERT INTO `admin` (`id_admin`, `username`, `password`) VALUES
(1, 'kamal', '10406c1d7b7421b1a56f0d951e952a95');

-- --------------------------------------------------------

--
-- Struktur dari tabel `guru`
--

CREATE TABLE `guru` (
  `id_guru` int(20) NOT NULL,
  `nip_guru` varchar(100) NOT NULL,
  `nama_guru` varchar(100) NOT NULL,
  `username` varchar(100) NOT NULL,
  `password` varchar(100) NOT NULL
) ENGINE=InnoDB DEFAULT CHARSET=latin1;

--
-- Dumping data untuk tabel `guru`
--

INSERT INTO `guru` (`id_guru`, `nip_guru`, `nama_guru`, `username`, `password`) VALUES
(1, '', 'Riswanto, S.Pd', '101', '101'),
(2, '', 'Juni Abdilah, S.Pd', '102', '102'),
(3, '', 'Masriki, S.Pd', '103', '103'),
(4, '', 'Sugiyanto, S.Pd', '104', '104'),
(5, '', 'Drs. H. Edi Sari', '105', '105'),
(6, '', 'Syafrudin, S.Pd', '106', '106'),
(7, '', 'Sri Hartati, S.Pd', '107', '107'),
(8, '', 'Dra. Sukamti Ar. M.Pd', '108', '108'),
(9, '', 'Drs. M. Sidik', '109', '109'),
(10, '', 'Ratna Ayu W, S,Pd', '110', '110'),
(11, '', 'Riswati S.Pd', '111', '111'),
(12, '', 'Devi Susiyanti,S.Pd', '112', '112'),
(13, '', 'Sukaya,S.S', '113', '113'),
(14, '', 'Ery Fathoni, S.Pd', '114', '114'),
(15, '', 'Syarifudin Yahya, S.PdI', '115', '115'),
(16, '', 'Muhammad Zikri', '116', '116'),
(17, '', 'Yuni Ahmad R, S.Pd', '117', '117'),
(18, '', 'Kamaluddin M, S.Kom', '118', '118'),
(19, '', 'M. Fahri Sugali, S.Pd', '119', '119'),
(20, '', 'Ferry Agung W, S.Pd', '120', '120'),
(21, '', 'Sumarno, S.Pd', '121', '121'),
(22, '', 'Indah Wahyu W, SE', '122', '122'),
(23, '', 'Rini Puspitawati, S.Pd', '123', '123'),
(24, '', 'Rizal Muchtar, S.Kom', '124', '124'),
(25, '', 'Rustana , S.Pd.I', '125', '125'),
(26, '', 'M.Ilham, S.Kom', '126', '126'),
(27, '', 'Novri Ronald Fieterd', '127', '127');

-- --------------------------------------------------------

--
-- Struktur dari tabel `jadwal`
--

CREATE TABLE `jadwal` (
  `id_jadwal` int(22) NOT NULL,
  `id_tugas` int(20) NOT NULL,
  `id_slot` int(20) NOT NULL
) ENGINE=InnoDB DEFAULT CHARSET=latin1;

--
-- Dumping data untuk tabel `jadwal`
--

INSERT INTO `jadwal` (`id_jadwal`, `id_tugas`, `id_slot`) VALUES
(1, 183, 23),
(2, 183, 24),
(3, 183, 1),
(4, 132, 2),
(5, 132, 31),
(6, 132, 32),
(7, 132, 41),
(8, 133, 42),
(9, 133, 33),
(10, 133, 34),
(11, 139, 11),
(12, 139, 12),
(13, 64, 45),
(14, 64, 46),
(15, 149, 43),
(16, 149, 44),
(17, 192, 39),
(18, 187, 40),
(19, 187, 37),
(20, 187, 38),
(21, 187, 9),
(22, 187, 10),
(23, 59, 29),
(24, 59, 30),
(25, 59, 21),
(26, 185, 22),
(27, 185, 17),
(28, 185, 18),
(29, 32, 27),
(30, 32, 28),
(31, 32, 19),
(32, 32, 20),
(33, 74, 25),
(34, 74, 26),
(35, 93, 47),
(36, 93, 48),
(37, 105, 35),
(38, 105, 36),
(39, 204, 5),
(40, 204, 6),
(41, 204, 7),
(42, 118, 8),
(43, 118, 3),
(44, 118, 4),
(45, 165, 15),
(46, 165, 16),
(47, 98, 13),
(48, 98, 14),
(49, 159, 75),
(50, 159, 76),
(51, 159, 65),
(52, 159, 66),
(53, 193, 71),
(54, 150, 72),
(55, 150, 69),
(56, 119, 70),
(57, 205, 77),
(58, 205, 78),
(59, 119, 93),
(60, 119, 94),
(61, 60, 49),
(62, 60, 50),
(63, 65, 83),
(64, 60, 84),
(65, 128, 51),
(66, 128, 52),
(67, 106, 67),
(68, 106, 68),
(69, 99, 57),
(70, 94, 58),
(71, 94, 79),
(72, 99, 80),
(73, 166, 95),
(74, 11, 96),
(75, 11, 81),
(76, 166, 82),
(77, 205, 53),
(78, 40, 54),
(79, 40, 61),
(80, 40, 62),
(81, 40, 59),
(82, 14, 60),
(83, 65, 87),
(84, 14, 88),
(85, 14, 89),
(86, 14, 90),
(87, 46, 91),
(88, 46, 92),
(89, 33, 73),
(90, 33, 74),
(91, 33, 55),
(92, 33, 56),
(93, 140, 85),
(94, 140, 86),
(95, 177, 63),
(96, 177, 64),
(97, 202, 103),
(98, 141, 104),
(99, 202, 123),
(100, 66, 124),
(101, 120, 131),
(102, 120, 132),
(103, 178, 121),
(104, 95, 122),
(105, 167, 119),
(106, 202, 120),
(107, 206, 117),
(108, 75, 118),
(109, 75, 129),
(110, 120, 130),
(111, 107, 139),
(112, 12, 140),
(113, 15, 143),
(114, 15, 144),
(115, 15, 133),
(116, 47, 134),
(117, 12, 137),
(118, 100, 138),
(119, 100, 135),
(120, 95, 136),
(121, 206, 105),
(122, 206, 106),
(123, 34, 109),
(124, 34, 110),
(125, 34, 125),
(126, 54, 126),
(127, 54, 115),
(128, 54, 116),
(129, 54, 97),
(130, 107, 98),
(131, 151, 113),
(132, 15, 114),
(133, 178, 101),
(134, 29, 102),
(135, 29, 99),
(136, 29, 100),
(137, 29, 127),
(138, 47, 128),
(139, 34, 107),
(140, 151, 108),
(141, 141, 141),
(142, 167, 142),
(143, 66, 111),
(144, 194, 112),
(145, 152, 179),
(146, 152, 180),
(147, 179, 157),
(148, 121, 158),
(149, 203, 145),
(150, 96, 146),
(151, 13, 167),
(152, 13, 168),
(153, 207, 173),
(154, 207, 174),
(155, 121, 177),
(156, 121, 178),
(157, 195, 165),
(158, 101, 166),
(159, 101, 161),
(160, 207, 162),
(161, 179, 151),
(162, 16, 152),
(163, 203, 149),
(164, 203, 150),
(165, 108, 171),
(166, 108, 172),
(167, 48, 147),
(168, 35, 148),
(169, 142, 163),
(170, 142, 164),
(171, 16, 189),
(172, 16, 190),
(173, 16, 187),
(174, 168, 188),
(175, 76, 181),
(176, 76, 182),
(177, 35, 175),
(178, 35, 176),
(179, 168, 153),
(180, 96, 154),
(181, 35, 169),
(182, 48, 170),
(183, 55, 155),
(184, 55, 156),
(185, 55, 183),
(186, 55, 184),
(187, 30, 191),
(188, 30, 192),
(189, 30, 159),
(190, 30, 160),
(191, 67, 185),
(192, 67, 186),
(193, 115, 223),
(194, 115, 224),
(195, 115, 215),
(196, 169, 216),
(197, 169, 235),
(198, 134, 236),
(199, 134, 221),
(200, 134, 222),
(201, 211, 213),
(202, 122, 214),
(203, 122, 225),
(204, 102, 226),
(205, 134, 203),
(206, 134, 204),
(207, 134, 193),
(208, 102, 194),
(209, 135, 205),
(210, 135, 206),
(211, 135, 197),
(212, 122, 198),
(213, 211, 209),
(214, 211, 210),
(215, 211, 229),
(216, 211, 230),
(217, 143, 239),
(218, 143, 240),
(219, 188, 227),
(220, 188, 228),
(221, 188, 233),
(222, 188, 234),
(223, 188, 199),
(224, 188, 200),
(225, 41, 219),
(226, 41, 220),
(227, 153, 217),
(228, 153, 218),
(229, 81, 231),
(230, 81, 232),
(231, 81, 195),
(232, 81, 196),
(233, 109, 237),
(234, 109, 238),
(235, 85, 207),
(236, 85, 208),
(237, 85, 211),
(238, 196, 212),
(239, 68, 201),
(240, 68, 202),
(241, 36, 263),
(242, 103, 264),
(243, 42, 261),
(244, 42, 262),
(245, 45, 247),
(246, 45, 248),
(247, 45, 281),
(248, 45, 282),
(249, 160, 287),
(250, 160, 288),
(251, 160, 243),
(252, 160, 244),
(253, 197, 249),
(254, 36, 250),
(255, 69, 283),
(256, 110, 284),
(257, 162, 245),
(258, 162, 246),
(259, 162, 277),
(260, 162, 278),
(261, 110, 241),
(262, 123, 242),
(263, 17, 259),
(264, 116, 260),
(265, 172, 273),
(266, 172, 274),
(267, 116, 265),
(268, 17, 266),
(269, 17, 257),
(270, 17, 258),
(271, 103, 279),
(272, 162, 280),
(273, 116, 251),
(274, 86, 252),
(275, 86, 255),
(276, 86, 256),
(277, 144, 275),
(278, 144, 276),
(279, 123, 271),
(280, 123, 272),
(281, 69, 269),
(282, 170, 270),
(283, 170, 285),
(284, 154, 286),
(285, 154, 267),
(286, 172, 268),
(287, 36, 253),
(288, 36, 254),
(289, 155, 335),
(290, 155, 336),
(291, 145, 301),
(292, 145, 302),
(293, 97, 333),
(294, 97, 334),
(295, 37, 311),
(296, 56, 312),
(297, 56, 313),
(298, 56, 314),
(299, 56, 305),
(300, 43, 306),
(301, 37, 319),
(302, 198, 320),
(303, 117, 309),
(304, 117, 310),
(305, 117, 291),
(306, 111, 292),
(307, 37, 321),
(308, 104, 322),
(309, 171, 289),
(310, 104, 290),
(311, 49, 323),
(312, 49, 324),
(313, 49, 327),
(314, 49, 328),
(315, 173, 325),
(316, 173, 326),
(317, 173, 293),
(318, 37, 294),
(319, 50, 317),
(320, 80, 318),
(321, 80, 303),
(322, 80, 304),
(323, 80, 329),
(324, 124, 330),
(325, 50, 295),
(326, 97, 296),
(327, 50, 307),
(328, 124, 308),
(329, 124, 331),
(330, 111, 332),
(331, 43, 315),
(332, 49, 316),
(333, 50, 297),
(334, 70, 298),
(335, 70, 299),
(336, 171, 300),
(337, 87, 375),
(338, 137, 376),
(339, 87, 357),
(340, 87, 358),
(341, 90, 337),
(342, 180, 338),
(343, 180, 365),
(344, 138, 366),
(345, 156, 373),
(346, 184, 374),
(347, 184, 347),
(348, 208, 348),
(349, 208, 379),
(350, 186, 380),
(351, 186, 377),
(352, 129, 378),
(353, 82, 341),
(354, 82, 342),
(355, 125, 343),
(356, 190, 344),
(357, 190, 371),
(358, 87, 372),
(359, 129, 345),
(360, 125, 346),
(361, 125, 363),
(362, 146, 364),
(363, 146, 349),
(364, 199, 350),
(365, 112, 353),
(366, 77, 354),
(367, 77, 381),
(368, 136, 382),
(369, 136, 361),
(370, 61, 362),
(371, 61, 367),
(372, 156, 368),
(373, 137, 339),
(374, 138, 340),
(375, 82, 369),
(376, 191, 370),
(377, 191, 355),
(378, 174, 356),
(379, 174, 359),
(380, 189, 360),
(381, 189, 383),
(382, 189, 384),
(383, 82, 351),
(384, 71, 352),
(385, 62, 395),
(386, 62, 396),
(387, 31, 413),
(388, 31, 414),
(389, 200, 419),
(390, 209, 420),
(391, 39, 421),
(392, 38, 422),
(393, 39, 415),
(394, 181, 416),
(395, 181, 417),
(396, 175, 418),
(397, 175, 393),
(398, 91, 394),
(399, 157, 429),
(400, 209, 430),
(401, 44, 401),
(402, 44, 402),
(403, 130, 431),
(404, 130, 432),
(405, 126, 409),
(406, 126, 410),
(407, 126, 399),
(408, 113, 400),
(409, 113, 389),
(410, 78, 390),
(411, 78, 403),
(412, 83, 404),
(413, 83, 405),
(414, 83, 406),
(415, 161, 391),
(416, 88, 392),
(417, 88, 387),
(418, 88, 388),
(419, 88, 411),
(420, 147, 412),
(421, 147, 423),
(422, 72, 424),
(423, 38, 397),
(424, 163, 398),
(425, 163, 407),
(426, 163, 408),
(427, 157, 385),
(428, 83, 386),
(429, 161, 427),
(430, 72, 428),
(431, 164, 425),
(432, 164, 426),
(433, 58, 467),
(434, 58, 468),
(435, 18, 435),
(436, 18, 436),
(437, 18, 457),
(438, 79, 458),
(439, 79, 439),
(440, 210, 440),
(441, 52, 473),
(442, 73, 474),
(443, 84, 469),
(444, 84, 470),
(445, 84, 463),
(446, 51, 464),
(447, 51, 433),
(448, 201, 434),
(449, 92, 465),
(450, 89, 466),
(451, 210, 441),
(452, 89, 442),
(453, 114, 479),
(454, 114, 480),
(455, 51, 447),
(456, 52, 448),
(457, 148, 475),
(458, 148, 476),
(459, 158, 461),
(460, 158, 462),
(461, 63, 445),
(462, 63, 446),
(463, 53, 437),
(464, 53, 438),
(465, 131, 471),
(466, 131, 472),
(467, 182, 451),
(468, 182, 452),
(469, 127, 455),
(470, 127, 456),
(471, 127, 453),
(472, 57, 454),
(473, 57, 459),
(474, 57, 460),
(475, 89, 477),
(476, 89, 478),
(477, 84, 443),
(478, 73, 444),
(479, 176, 449),
(480, 176, 450);

-- --------------------------------------------------------

--
-- Struktur dari tabel `kelas`
--

CREATE TABLE `kelas` (
  `id_kelas` int(20) NOT NULL,
  `nama_kelas` varchar(100) NOT NULL
) ENGINE=InnoDB DEFAULT CHARSET=latin1;

--
-- Dumping data untuk tabel `kelas`
--

INSERT INTO `kelas` (`id_kelas`, `nama_kelas`) VALUES
(1, 'XTKJ1'),
(2, 'XTN1\r\n'),
(3, 'XAP1\r\n'),
(4, 'XAP2\r\n'),
(5, 'XI TKJ\r\n'),
(6, 'XIPM1\r\n'),
(7, 'XIAP\r\n'),
(8, 'XIITKJ\r\n'),
(9, 'XIIPM1\r\n'),
(10, 'XIIAP\r\n');

-- --------------------------------------------------------

--
-- Struktur dari tabel `kesediaan`
--

CREATE TABLE `kesediaan` (
  `id_kesediaan` int(22) NOT NULL,
  `id_guru` int(22) NOT NULL,
  `id_waktu` int(22) NOT NULL
) ENGINE=InnoDB DEFAULT CHARSET=latin1;

--
-- Dumping data untuk tabel `kesediaan`
--

INSERT INTO `kesediaan` (`id_kesediaan`, `id_guru`, `id_waktu`) VALUES
(1, 1, 1),
(2, 1, 2),
(3, 1, 3),
(4, 1, 4),
(5, 1, 5),
(6, 1, 6),
(7, 1, 7),
(8, 1, 8),
(9, 1, 9),
(10, 1, 10),
(11, 1, 11),
(12, 1, 12),
(13, 1, 13),
(14, 1, 14),
(15, 1, 15),
(16, 1, 16),
(17, 1, 17),
(18, 1, 18),
(19, 1, 19),
(20, 1, 20),
(21, 1, 21),
(22, 1, 22),
(23, 1, 23),
(24, 1, 24),
(25, 1, 25),
(26, 1, 26),
(27, 1, 27),
(28, 1, 28),
(29, 1, 29),
(30, 1, 30),
(31, 1, 31),
(32, 1, 32),
(33, 1, 33),
(34, 1, 34),
(35, 1, 35),
(36, 1, 36),
(37, 1, 37),
(38, 1, 38),
(39, 1, 39),
(40, 1, 40),
(41, 1, 41),
(42, 1, 42),
(43, 1, 43),
(44, 1, 44),
(45, 1, 45),
(46, 1, 46),
(47, 1, 47),
(48, 1, 48),
(49, 2, 1),
(50, 2, 2),
(51, 2, 3),
(52, 2, 4),
(53, 2, 5),
(54, 2, 6),
(55, 2, 7),
(56, 2, 8),
(57, 2, 9),
(58, 2, 10),
(59, 2, 11),
(60, 2, 12),
(61, 2, 13),
(62, 2, 14),
(63, 2, 15),
(64, 2, 16),
(65, 2, 17),
(66, 2, 18),
(67, 2, 19),
(68, 2, 20),
(69, 2, 21),
(70, 2, 22),
(71, 2, 23),
(72, 2, 24),
(73, 2, 25),
(74, 2, 26),
(75, 2, 27),
(76, 2, 28),
(77, 2, 29),
(78, 2, 30),
(79, 2, 31),
(80, 2, 32),
(81, 2, 33),
(82, 2, 34),
(83, 2, 35),
(84, 2, 36),
(85, 2, 37),
(86, 2, 38),
(87, 2, 39),
(88, 2, 40),
(89, 2, 41),
(90, 2, 42),
(91, 2, 43),
(92, 2, 44),
(93, 2, 45),
(94, 2, 46),
(95, 2, 47),
(96, 2, 48),
(97, 3, 1),
(98, 3, 2),
(99, 3, 3),
(100, 3, 4),
(101, 3, 5),
(102, 3, 6),
(103, 3, 7),
(104, 3, 8),
(105, 3, 9),
(106, 3, 10),
(107, 3, 11),
(108, 3, 12),
(109, 3, 13),
(110, 3, 14),
(111, 3, 15),
(112, 3, 16),
(113, 3, 17),
(114, 3, 18),
(115, 3, 19),
(116, 3, 20),
(117, 3, 21),
(118, 3, 22),
(119, 3, 23),
(120, 3, 24),
(121, 3, 25),
(122, 3, 26),
(123, 3, 27),
(124, 3, 28),
(125, 3, 29),
(126, 3, 30),
(127, 3, 31),
(128, 3, 32),
(129, 3, 33),
(130, 3, 34),
(131, 3, 35),
(132, 3, 36),
(133, 3, 37),
(134, 3, 38),
(135, 3, 39),
(136, 3, 40),
(137, 3, 41),
(138, 3, 42),
(139, 3, 43),
(140, 3, 44),
(141, 3, 45),
(142, 3, 46),
(143, 3, 47),
(144, 3, 48),
(145, 4, 1),
(146, 4, 2),
(147, 4, 3),
(148, 4, 4),
(149, 4, 5),
(150, 4, 6),
(151, 4, 7),
(152, 4, 8),
(153, 4, 9),
(154, 4, 10),
(155, 4, 11),
(156, 4, 12),
(157, 4, 13),
(158, 4, 14),
(159, 4, 15),
(160, 4, 16),
(161, 4, 17),
(162, 4, 18),
(163, 4, 19),
(164, 4, 20),
(165, 4, 31),
(166, 4, 32),
(167, 4, 33),
(168, 4, 34),
(169, 4, 35),
(170, 4, 36),
(171, 4, 37),
(172, 4, 38),
(173, 4, 39),
(174, 4, 40),
(175, 5, 11),
(176, 5, 12),
(177, 5, 13),
(178, 5, 14),
(179, 5, 15),
(180, 5, 16),
(181, 5, 17),
(182, 5, 18),
(183, 5, 19),
(184, 5, 20),
(185, 5, 31),
(186, 5, 32),
(187, 5, 33),
(188, 5, 34),
(189, 5, 35),
(190, 5, 41),
(191, 5, 42),
(192, 5, 43),
(193, 5, 44),
(194, 5, 45),
(195, 5, 46),
(196, 5, 47),
(197, 5, 48),
(198, 6, 1),
(199, 6, 2),
(200, 6, 3),
(201, 6, 4),
(202, 6, 5),
(203, 6, 11),
(204, 6, 12),
(205, 6, 13),
(206, 6, 14),
(207, 6, 15),
(305, 7, 1),
(306, 7, 2),
(307, 7, 3),
(308, 7, 4),
(309, 7, 5),
(310, 7, 6),
(311, 7, 7),
(312, 7, 8),
(313, 7, 9),
(314, 7, 10),
(315, 7, 31),
(316, 7, 32),
(317, 7, 33),
(318, 7, 34),
(319, 7, 35),
(320, 7, 36),
(321, 7, 37),
(322, 7, 38),
(323, 7, 39),
(324, 7, 40),
(325, 7, 41),
(326, 7, 42),
(327, 7, 43),
(328, 7, 44),
(329, 7, 45),
(330, 7, 46),
(331, 7, 47),
(332, 7, 48),
(333, 8, 6),
(334, 8, 7),
(335, 8, 8),
(336, 8, 9),
(337, 8, 10),
(338, 8, 16),
(339, 8, 17),
(340, 8, 18),
(341, 8, 19),
(342, 8, 20),
(343, 8, 31),
(344, 8, 32),
(345, 8, 33),
(346, 8, 34),
(347, 8, 35),
(348, 8, 36),
(349, 8, 37),
(350, 8, 38),
(351, 8, 39),
(352, 8, 40),
(353, 8, 46),
(354, 8, 47),
(355, 8, 48),
(356, 9, 21),
(357, 9, 22),
(358, 9, 23),
(359, 9, 24),
(360, 9, 25),
(361, 9, 26),
(362, 9, 27),
(363, 9, 28),
(364, 9, 29),
(365, 9, 30),
(366, 9, 41),
(367, 9, 42),
(368, 9, 43),
(369, 9, 44),
(370, 9, 45),
(371, 9, 46),
(372, 9, 47),
(373, 9, 48),
(374, 10, 1),
(375, 10, 2),
(376, 10, 3),
(377, 10, 4),
(378, 10, 5),
(379, 10, 6),
(380, 10, 7),
(381, 10, 8),
(382, 10, 9),
(383, 10, 10),
(384, 10, 21),
(385, 10, 22),
(386, 10, 23),
(387, 10, 24),
(388, 10, 25),
(389, 10, 36),
(390, 10, 37),
(391, 10, 38),
(392, 10, 39),
(393, 10, 40),
(394, 10, 41),
(395, 10, 42),
(396, 10, 43),
(397, 10, 44),
(398, 10, 45),
(399, 10, 46),
(400, 10, 47),
(401, 10, 48),
(402, 11, 11),
(403, 11, 12),
(404, 11, 13),
(405, 11, 14),
(406, 11, 15),
(407, 11, 21),
(408, 11, 22),
(409, 11, 23),
(410, 11, 24),
(411, 11, 25),
(412, 11, 31),
(413, 11, 32),
(414, 11, 33),
(415, 11, 34),
(416, 11, 35),
(417, 11, 36),
(418, 11, 37),
(419, 11, 38),
(420, 11, 39),
(421, 11, 40),
(422, 11, 41),
(423, 11, 42),
(424, 11, 43),
(425, 11, 44),
(426, 11, 45),
(427, 11, 46),
(428, 11, 47),
(429, 11, 48),
(430, 12, 1),
(431, 12, 2),
(432, 12, 3),
(433, 12, 4),
(434, 12, 5),
(435, 12, 6),
(436, 12, 7),
(437, 12, 8),
(438, 12, 9),
(439, 12, 10),
(440, 12, 21),
(441, 12, 22),
(442, 12, 23),
(443, 12, 24),
(444, 12, 25),
(445, 12, 26),
(446, 12, 27),
(447, 12, 28),
(448, 12, 29),
(449, 12, 30),
(450, 12, 41),
(451, 12, 42),
(452, 12, 43),
(453, 12, 44),
(454, 12, 45),
(455, 12, 46),
(456, 12, 47),
(457, 12, 48),
(458, 13, 1),
(459, 13, 2),
(460, 13, 3),
(461, 13, 4),
(462, 13, 5),
(463, 13, 6),
(464, 13, 7),
(465, 13, 8),
(466, 13, 9),
(467, 13, 21),
(468, 13, 22),
(469, 13, 23),
(470, 13, 24),
(471, 13, 25),
(472, 13, 26),
(473, 13, 27),
(474, 13, 28),
(475, 13, 29),
(476, 13, 30),
(477, 13, 31),
(478, 13, 32),
(479, 13, 33),
(480, 13, 34),
(481, 13, 35),
(482, 13, 36),
(483, 13, 37),
(484, 13, 38),
(485, 13, 39),
(486, 13, 40),
(487, 13, 41),
(488, 13, 42),
(489, 13, 43),
(490, 13, 44),
(491, 13, 45),
(492, 13, 46),
(493, 13, 47),
(494, 13, 48),
(495, 14, 1),
(496, 14, 2),
(497, 14, 3),
(498, 14, 4),
(499, 14, 5),
(500, 14, 6),
(501, 14, 7),
(502, 14, 8),
(503, 14, 9),
(504, 14, 10),
(505, 14, 11),
(506, 14, 12),
(507, 14, 13),
(508, 14, 14),
(509, 14, 15),
(510, 14, 16),
(511, 14, 17),
(512, 14, 18),
(513, 14, 19),
(514, 14, 20),
(515, 14, 21),
(516, 14, 22),
(517, 14, 23),
(518, 14, 24),
(519, 14, 25),
(520, 14, 26),
(521, 14, 27),
(522, 14, 28),
(523, 14, 29),
(524, 14, 30),
(525, 14, 31),
(526, 14, 32),
(527, 14, 33),
(528, 14, 34),
(529, 14, 35),
(530, 14, 36),
(531, 14, 37),
(532, 14, 38),
(533, 14, 39),
(534, 14, 40),
(535, 15, 11),
(536, 15, 12),
(537, 15, 13),
(538, 15, 14),
(539, 15, 15),
(540, 15, 16),
(541, 15, 17),
(542, 15, 18),
(543, 15, 19),
(544, 15, 20),
(545, 15, 21),
(546, 15, 22),
(547, 15, 23),
(548, 15, 24),
(549, 15, 25),
(550, 15, 26),
(551, 15, 27),
(552, 15, 28),
(553, 15, 29),
(554, 15, 30),
(555, 15, 31),
(556, 15, 32),
(557, 15, 33),
(558, 15, 34),
(559, 15, 35),
(560, 15, 36),
(561, 15, 37),
(562, 15, 38),
(563, 15, 39),
(564, 15, 40),
(565, 15, 41),
(566, 15, 42),
(567, 15, 43),
(568, 15, 44),
(569, 15, 45),
(570, 15, 46),
(571, 15, 47),
(572, 15, 48),
(573, 16, 1),
(574, 16, 2),
(575, 16, 3),
(576, 16, 4),
(577, 16, 5),
(578, 16, 6),
(579, 16, 7),
(580, 16, 8),
(581, 16, 9),
(582, 16, 10),
(583, 16, 11),
(584, 16, 12),
(585, 16, 13),
(586, 16, 14),
(587, 16, 15),
(588, 16, 16),
(589, 16, 17),
(590, 16, 18),
(591, 16, 19),
(592, 16, 20),
(593, 16, 21),
(594, 16, 22),
(595, 16, 23),
(596, 16, 24),
(597, 16, 25),
(598, 16, 26),
(599, 16, 27),
(600, 16, 28),
(601, 16, 29),
(602, 16, 30),
(603, 16, 41),
(604, 16, 42),
(605, 16, 43),
(606, 16, 44),
(607, 16, 45),
(608, 16, 46),
(609, 16, 47),
(610, 16, 48),
(611, 17, 31),
(612, 17, 32),
(613, 17, 33),
(614, 17, 34),
(615, 17, 35),
(616, 17, 41),
(617, 17, 42),
(618, 17, 43),
(619, 17, 44),
(620, 17, 45),
(621, 17, 46),
(622, 17, 47),
(623, 17, 48),
(624, 18, 1),
(625, 18, 2),
(626, 18, 3),
(627, 18, 4),
(628, 18, 5),
(629, 18, 6),
(630, 18, 7),
(631, 18, 8),
(632, 18, 9),
(633, 18, 10),
(634, 18, 21),
(635, 18, 22),
(636, 18, 23),
(637, 18, 24),
(638, 18, 25),
(639, 18, 31),
(640, 18, 32),
(641, 18, 33),
(642, 18, 34),
(643, 18, 35),
(644, 18, 36),
(645, 18, 37),
(646, 18, 38),
(647, 18, 39),
(648, 18, 40),
(649, 18, 41),
(650, 18, 42),
(651, 18, 43),
(652, 18, 44),
(653, 18, 45),
(654, 18, 46),
(655, 18, 47),
(656, 18, 48),
(657, 19, 21),
(658, 19, 22),
(659, 19, 23),
(660, 19, 24),
(661, 19, 25),
(662, 19, 26),
(663, 19, 27),
(664, 19, 28),
(665, 19, 29),
(666, 19, 30),
(667, 19, 31),
(668, 19, 32),
(669, 19, 33),
(670, 19, 34),
(671, 19, 35),
(672, 19, 36),
(673, 19, 37),
(674, 19, 38),
(675, 19, 39),
(676, 19, 40),
(677, 19, 41),
(678, 19, 42),
(679, 19, 43),
(680, 19, 44),
(681, 19, 45),
(682, 19, 46),
(683, 19, 47),
(684, 19, 48),
(685, 20, 1),
(686, 20, 2),
(687, 20, 3),
(688, 20, 4),
(689, 20, 5),
(690, 20, 6),
(691, 20, 7),
(692, 20, 8),
(693, 20, 9),
(694, 20, 10),
(695, 20, 31),
(696, 20, 32),
(697, 20, 33),
(698, 20, 34),
(699, 20, 35),
(700, 20, 36),
(701, 20, 37),
(702, 20, 38),
(703, 20, 39),
(704, 20, 40),
(705, 20, 41),
(706, 20, 42),
(707, 20, 43),
(708, 20, 44),
(709, 20, 45),
(710, 20, 46),
(711, 20, 47),
(712, 20, 48),
(713, 21, 1),
(714, 21, 2),
(715, 21, 3),
(716, 21, 4),
(717, 21, 5),
(718, 21, 6),
(719, 21, 7),
(720, 21, 8),
(721, 21, 9),
(722, 21, 10),
(723, 21, 11),
(724, 21, 12),
(725, 21, 13),
(726, 21, 14),
(727, 21, 15),
(728, 21, 16),
(729, 21, 17),
(730, 21, 18),
(731, 21, 19),
(732, 21, 20),
(733, 21, 21),
(734, 21, 22),
(735, 21, 23),
(736, 21, 24),
(737, 21, 25),
(738, 21, 26),
(739, 21, 27),
(740, 21, 28),
(741, 21, 29),
(742, 21, 30),
(743, 21, 46),
(744, 21, 47),
(745, 21, 48),
(746, 22, 1),
(747, 22, 2),
(748, 22, 3),
(749, 22, 4),
(750, 22, 5),
(751, 22, 6),
(752, 22, 7),
(753, 22, 8),
(754, 22, 9),
(755, 22, 10),
(756, 22, 26),
(757, 22, 27),
(758, 22, 28),
(759, 22, 29),
(760, 22, 30),
(761, 22, 31),
(762, 22, 32),
(763, 22, 33),
(764, 22, 34),
(765, 22, 35),
(766, 22, 36),
(767, 22, 37),
(768, 22, 38),
(769, 22, 39),
(770, 22, 40),
(771, 22, 41),
(772, 22, 42),
(773, 22, 43),
(774, 22, 44),
(775, 22, 45),
(776, 22, 46),
(777, 22, 47),
(778, 22, 48),
(779, 23, 1),
(780, 23, 2),
(781, 23, 3),
(782, 23, 4),
(783, 23, 5),
(784, 23, 6),
(785, 23, 7),
(786, 23, 8),
(787, 23, 9),
(788, 23, 10),
(789, 23, 11),
(790, 23, 12),
(791, 23, 13),
(792, 23, 14),
(793, 23, 15),
(794, 23, 31),
(795, 23, 32),
(796, 23, 33),
(797, 23, 34),
(798, 23, 35),
(799, 23, 36),
(800, 23, 37),
(801, 23, 38),
(802, 23, 39),
(803, 23, 40),
(804, 23, 41),
(805, 23, 42),
(806, 23, 43),
(807, 23, 44),
(808, 23, 45),
(809, 23, 46),
(810, 23, 47),
(811, 23, 48),
(812, 24, 1),
(813, 24, 2),
(814, 24, 3),
(815, 24, 4),
(816, 24, 5),
(817, 24, 6),
(818, 24, 7),
(819, 24, 8),
(820, 24, 9),
(821, 24, 10),
(822, 24, 16),
(823, 24, 17),
(824, 24, 18),
(825, 24, 19),
(826, 24, 20),
(827, 24, 21),
(828, 24, 22),
(829, 24, 23),
(830, 24, 24),
(831, 24, 25),
(832, 24, 31),
(833, 24, 32),
(834, 24, 33),
(835, 24, 34),
(836, 24, 35),
(837, 24, 36),
(838, 24, 37),
(839, 24, 38),
(840, 24, 39),
(841, 24, 40),
(842, 24, 41),
(843, 24, 42),
(844, 24, 43),
(845, 24, 44),
(846, 24, 45),
(847, 24, 46),
(848, 24, 47),
(849, 24, 48),
(850, 25, 26),
(851, 25, 27),
(852, 25, 28),
(853, 25, 29),
(854, 25, 30),
(855, 25, 31),
(856, 25, 32),
(857, 25, 33),
(858, 25, 34),
(859, 25, 35),
(860, 25, 36),
(861, 25, 37),
(862, 25, 38),
(863, 25, 39),
(864, 25, 40),
(865, 25, 41),
(866, 25, 42),
(867, 25, 43),
(868, 25, 44),
(869, 25, 45),
(870, 25, 46),
(871, 25, 47),
(872, 25, 48),
(873, 26, 16),
(874, 26, 17),
(875, 26, 18),
(876, 26, 19),
(877, 26, 20),
(878, 26, 21),
(879, 26, 22),
(880, 26, 23),
(881, 26, 24),
(882, 26, 25),
(883, 26, 26),
(884, 26, 27),
(885, 26, 28),
(886, 26, 29),
(887, 26, 30),
(888, 26, 31),
(889, 26, 32),
(890, 26, 33),
(891, 26, 34),
(892, 26, 35),
(893, 26, 36),
(894, 26, 37),
(895, 26, 38),
(896, 26, 39),
(897, 26, 40),
(898, 26, 41),
(899, 26, 42),
(900, 26, 43),
(901, 26, 44),
(902, 26, 45),
(903, 26, 46),
(904, 26, 47),
(905, 26, 48);

-- --------------------------------------------------------

--
-- Struktur dari tabel `ketidaksediaan`
--

CREATE TABLE `ketidaksediaan` (
  `id_ketidaksediaan` int(20) NOT NULL,
  `id_guru` int(20) NOT NULL,
  `id_waktu` int(20) NOT NULL
) ENGINE=InnoDB DEFAULT CHARSET=latin1;

--
-- Dumping data untuk tabel `ketidaksediaan`
--

INSERT INTO `ketidaksediaan` (`id_ketidaksediaan`, `id_guru`, `id_waktu`) VALUES
(1, 10, 1),
(2, 10, 2),
(3, 10, 3),
(4, 10, 4),
(5, 10, 5),
(6, 10, 6),
(7, 10, 7),
(8, 10, 8),
(9, 10, 9),
(10, 10, 10),
(11, 10, 11),
(12, 10, 12),
(13, 10, 13),
(14, 10, 14),
(15, 10, 15),
(16, 10, 16),
(17, 10, 17),
(18, 10, 18),
(19, 10, 19),
(20, 10, 20),
(21, 10, 21),
(22, 10, 22),
(23, 10, 23),
(24, 10, 24),
(25, 10, 25),
(26, 10, 26),
(27, 10, 27),
(28, 10, 28),
(33, 4, 1),
(34, 4, 2),
(35, 4, 3),
(36, 4, 4),
(37, 4, 5),
(38, 4, 11),
(39, 4, 12),
(40, 4, 13),
(41, 4, 14),
(42, 4, 15);

-- --------------------------------------------------------

--
-- Struktur dari tabel `mapel`
--

CREATE TABLE `mapel` (
  `id_mapel` int(20) NOT NULL,
  `nama_mapel` varchar(100) NOT NULL
) ENGINE=InnoDB DEFAULT CHARSET=latin1;

--
-- Dumping data untuk tabel `mapel`
--

INSERT INTO `mapel` (`id_mapel`, `nama_mapel`) VALUES
(1, 'Administrasi Humas dan Keprotokolan'),
(2, 'Administrasi Kepegawaian'),
(3, 'Administrasi Keuangan '),
(4, 'Administrasi Sarana dan Prasarana'),
(5, 'Administrasi Server dan Keamanan Jaringan'),
(6, 'Administrasi Transaksi'),
(7, 'Administrasi Umum'),
(8, 'Agama'),
(9, 'Bahasa Indonesia'),
(10, 'Bahasa Inggris '),
(11, 'Bahasa Jepang'),
(13, 'Conversation'),
(14, 'Dasar design grafis'),
(15, 'Fiqih'),
(16, 'Fisika'),
(17, 'IPA'),
(18, 'IPS'),
(19, 'Kearsipan'),
(20, 'Kewirausahaan'),
(21, 'Kimia'),
(22, 'KKPI'),
(23, 'Komputer Jaringan Dasar'),
(24, 'Komunikasi Bisnis'),
(25, 'Koresponden'),
(26, 'Marketing'),
(27, 'Matematika'),
(28, 'Melakukan Konfirmasi Keputusan Pelanggan'),
(29, 'Melakukan penyerahan barang / menemukan peluang baru'),
(30, 'Melakukan penyerahan Barang atau Pengiriman Produk'),
(31, 'Melakukan setting ulang koneksi jaringan berbasis luas'),
(32, 'Melakukan Usaha Penjualan Retail'),
(33, 'Membuat desain sistem keamanan jaringan'),
(34, 'Memproses perjalanan bisnis'),
(35, 'Menagih Pembayaran'),
(36, 'Menata Produk'),
(37, 'Mengadministrasi server dalam jaringan '),
(38, 'Mengaplikasikan Administrasi  perkantoran'),
(39, 'Mengdiagnosis Permasalahan perangkat yg tersambung jaringan berbasis luas'),
(40, 'Mengelola Pertemuan Rapat'),
(41, 'Mengelola sistem Kearsipan'),
(42, 'Menggunakan Peralatan Transaksi'),
(43, 'Mengoperasikan Aplikasi Presentasi'),
(44, 'Merancang bangun dan menganalisa wide area network'),
(45, 'Merancang web data base untuk conten server'),
(46, 'Otomatisasi Perkantoran'),
(48, 'Pemrograman Dasar'),
(49, 'kosong'),
(50, 'Pendidikan Agama Islam '),
(51, 'Pengantar Ekonomi dan Bisnis'),
(52, 'Pengelolaan Bisnis Ritel'),
(53, 'Pengembangan Produk Kreatif'),
(54, 'Penggandaan Dokumen'),
(55, 'Penjaskes'),
(56, 'Perencanaan Bisnis'),
(57, 'Rancang Bangun Jaringan'),
(58, 'Seni Budaya'),
(59, 'Simulasi Digital'),
(60, 'Sistem Komputer'),
(61, 'Tahsin'),
(62, 'Teknologi Infrastruktur Jaringan'),
(63, 'Sejarah Indonesia');

-- --------------------------------------------------------

--
-- Struktur dari tabel `slot_waktu`
--

CREATE TABLE `slot_waktu` (
  `id_slot` int(11) NOT NULL,
  `id_waktu` int(11) NOT NULL,
  `id_kelas` int(11) NOT NULL
) ENGINE=InnoDB DEFAULT CHARSET=latin1;

--
-- Dumping data untuk tabel `slot_waktu`
--

INSERT INTO `slot_waktu` (`id_slot`, `id_waktu`, `id_kelas`) VALUES
(1, 1, 1),
(2, 2, 1),
(3, 3, 1),
(4, 4, 1),
(5, 5, 1),
(6, 6, 1),
(7, 7, 1),
(8, 8, 1),
(9, 9, 1),
(10, 10, 1),
(11, 11, 1),
(12, 12, 1),
(13, 13, 1),
(14, 14, 1),
(15, 15, 1),
(16, 16, 1),
(17, 17, 1),
(18, 18, 1),
(19, 19, 1),
(20, 20, 1),
(21, 21, 1),
(22, 22, 1),
(23, 23, 1),
(24, 24, 1),
(25, 25, 1),
(26, 26, 1),
(27, 27, 1),
(28, 28, 1),
(29, 29, 1),
(30, 30, 1),
(31, 31, 1),
(32, 32, 1),
(33, 33, 1),
(34, 34, 1),
(35, 35, 1),
(36, 36, 1),
(37, 37, 1),
(38, 38, 1),
(39, 39, 1),
(40, 40, 1),
(41, 41, 1),
(42, 42, 1),
(43, 43, 1),
(44, 44, 1),
(45, 45, 1),
(46, 46, 1),
(47, 47, 1),
(48, 48, 1),
(49, 1, 2),
(50, 2, 2),
(51, 3, 2),
(52, 4, 2),
(53, 5, 2),
(54, 6, 2),
(55, 7, 2),
(56, 8, 2),
(57, 9, 2),
(58, 10, 2),
(59, 11, 2),
(60, 12, 2),
(61, 13, 2),
(62, 14, 2),
(63, 15, 2),
(64, 16, 2),
(65, 17, 2),
(66, 18, 2),
(67, 19, 2),
(68, 20, 2),
(69, 21, 2),
(70, 22, 2),
(71, 23, 2),
(72, 24, 2),
(73, 25, 2),
(74, 26, 2),
(75, 27, 2),
(76, 28, 2),
(77, 29, 2),
(78, 30, 2),
(79, 31, 2),
(80, 32, 2),
(81, 33, 2),
(82, 34, 2),
(83, 35, 2),
(84, 36, 2),
(85, 37, 2),
(86, 38, 2),
(87, 39, 2),
(88, 40, 2),
(89, 41, 2),
(90, 42, 2),
(91, 43, 2),
(92, 44, 2),
(93, 45, 2),
(94, 46, 2),
(95, 47, 2),
(96, 48, 2),
(97, 1, 3),
(98, 2, 3),
(99, 3, 3),
(100, 4, 3),
(101, 5, 3),
(102, 6, 3),
(103, 7, 3),
(104, 8, 3),
(105, 9, 3),
(106, 10, 3),
(107, 11, 3),
(108, 12, 3),
(109, 13, 3),
(110, 14, 3),
(111, 15, 3),
(112, 16, 3),
(113, 17, 3),
(114, 18, 3),
(115, 19, 3),
(116, 20, 3),
(117, 21, 3),
(118, 22, 3),
(119, 23, 3),
(120, 24, 3),
(121, 25, 3),
(122, 26, 3),
(123, 27, 3),
(124, 28, 3),
(125, 29, 3),
(126, 30, 3),
(127, 31, 3),
(128, 32, 3),
(129, 33, 3),
(130, 34, 3),
(131, 35, 3),
(132, 36, 3),
(133, 37, 3),
(134, 38, 3),
(135, 39, 3),
(136, 40, 3),
(137, 41, 3),
(138, 42, 3),
(139, 43, 3),
(140, 44, 3),
(141, 45, 3),
(142, 46, 3),
(143, 47, 3),
(144, 48, 3),
(145, 1, 4),
(146, 2, 4),
(147, 3, 4),
(148, 4, 4),
(149, 5, 4),
(150, 6, 4),
(151, 7, 4),
(152, 8, 4),
(153, 9, 4),
(154, 10, 4),
(155, 11, 4),
(156, 12, 4),
(157, 13, 4),
(158, 14, 4),
(159, 15, 4),
(160, 16, 4),
(161, 17, 4),
(162, 18, 4),
(163, 19, 4),
(164, 20, 4),
(165, 21, 4),
(166, 22, 4),
(167, 23, 4),
(168, 24, 4),
(169, 25, 4),
(170, 26, 4),
(171, 27, 4),
(172, 28, 4),
(173, 29, 4),
(174, 30, 4),
(175, 31, 4),
(176, 32, 4),
(177, 33, 4),
(178, 34, 4),
(179, 35, 4),
(180, 36, 4),
(181, 37, 4),
(182, 38, 4),
(183, 39, 4),
(184, 40, 4),
(185, 41, 4),
(186, 42, 4),
(187, 43, 4),
(188, 44, 4),
(189, 45, 4),
(190, 46, 4),
(191, 47, 4),
(192, 48, 4),
(193, 1, 5),
(194, 2, 5),
(195, 3, 5),
(196, 4, 5),
(197, 5, 5),
(198, 6, 5),
(199, 7, 5),
(200, 8, 5),
(201, 9, 5),
(202, 10, 5),
(203, 11, 5),
(204, 12, 5),
(205, 13, 5),
(206, 14, 5),
(207, 15, 5),
(208, 16, 5),
(209, 17, 5),
(210, 18, 5),
(211, 19, 5),
(212, 20, 5),
(213, 21, 5),
(214, 22, 5),
(215, 23, 5),
(216, 24, 5),
(217, 25, 5),
(218, 26, 5),
(219, 27, 5),
(220, 28, 5),
(221, 29, 5),
(222, 30, 5),
(223, 31, 5),
(224, 32, 5),
(225, 33, 5),
(226, 34, 5),
(227, 35, 5),
(228, 36, 5),
(229, 37, 5),
(230, 38, 5),
(231, 39, 5),
(232, 40, 5),
(233, 41, 5),
(234, 42, 5),
(235, 43, 5),
(236, 44, 5),
(237, 45, 5),
(238, 46, 5),
(239, 47, 5),
(240, 48, 5),
(241, 1, 6),
(242, 2, 6),
(243, 3, 6),
(244, 4, 6),
(245, 5, 6),
(246, 6, 6),
(247, 7, 6),
(248, 8, 6),
(249, 9, 6),
(250, 10, 6),
(251, 11, 6),
(252, 12, 6),
(253, 13, 6),
(254, 14, 6),
(255, 15, 6),
(256, 16, 6),
(257, 17, 6),
(258, 18, 6),
(259, 19, 6),
(260, 20, 6),
(261, 21, 6),
(262, 22, 6),
(263, 23, 6),
(264, 24, 6),
(265, 25, 6),
(266, 26, 6),
(267, 27, 6),
(268, 28, 6),
(269, 29, 6),
(270, 30, 6),
(271, 31, 6),
(272, 32, 6),
(273, 33, 6),
(274, 34, 6),
(275, 35, 6),
(276, 36, 6),
(277, 37, 6),
(278, 38, 6),
(279, 39, 6),
(280, 40, 6),
(281, 41, 6),
(282, 42, 6),
(283, 43, 6),
(284, 44, 6),
(285, 45, 6),
(286, 46, 6),
(287, 47, 6),
(288, 48, 6),
(289, 1, 7),
(290, 2, 7),
(291, 3, 7),
(292, 4, 7),
(293, 5, 7),
(294, 6, 7),
(295, 7, 7),
(296, 8, 7),
(297, 9, 7),
(298, 10, 7),
(299, 11, 7),
(300, 12, 7),
(301, 13, 7),
(302, 14, 7),
(303, 15, 7),
(304, 16, 7),
(305, 17, 7),
(306, 18, 7),
(307, 19, 7),
(308, 20, 7),
(309, 21, 7),
(310, 22, 7),
(311, 23, 7),
(312, 24, 7),
(313, 25, 7),
(314, 26, 7),
(315, 27, 7),
(316, 28, 7),
(317, 29, 7),
(318, 30, 7),
(319, 31, 7),
(320, 32, 7),
(321, 33, 7),
(322, 34, 7),
(323, 35, 7),
(324, 36, 7),
(325, 37, 7),
(326, 38, 7),
(327, 39, 7),
(328, 40, 7),
(329, 41, 7),
(330, 42, 7),
(331, 43, 7),
(332, 44, 7),
(333, 45, 7),
(334, 46, 7),
(335, 47, 7),
(336, 48, 7),
(337, 1, 8),
(338, 2, 8),
(339, 3, 8),
(340, 4, 8),
(341, 5, 8),
(342, 6, 8),
(343, 7, 8),
(344, 8, 8),
(345, 9, 8),
(346, 10, 8),
(347, 11, 8),
(348, 12, 8),
(349, 13, 8),
(350, 14, 8),
(351, 15, 8),
(352, 16, 8),
(353, 17, 8),
(354, 18, 8),
(355, 19, 8),
(356, 20, 8),
(357, 21, 8),
(358, 22, 8),
(359, 23, 8),
(360, 24, 8),
(361, 25, 8),
(362, 26, 8),
(363, 27, 8),
(364, 28, 8),
(365, 29, 8),
(366, 30, 8),
(367, 31, 8),
(368, 32, 8),
(369, 33, 8),
(370, 34, 8),
(371, 35, 8),
(372, 36, 8),
(373, 37, 8),
(374, 38, 8),
(375, 39, 8),
(376, 40, 8),
(377, 41, 8),
(378, 42, 8),
(379, 43, 8),
(380, 44, 8),
(381, 45, 8),
(382, 46, 8),
(383, 47, 8),
(384, 48, 8),
(385, 1, 9),
(386, 2, 9),
(387, 3, 9),
(388, 4, 9),
(389, 5, 9),
(390, 6, 9),
(391, 7, 9),
(392, 8, 9),
(393, 9, 9),
(394, 10, 9),
(395, 11, 9),
(396, 12, 9),
(397, 13, 9),
(398, 14, 9),
(399, 15, 9),
(400, 16, 9),
(401, 17, 9),
(402, 18, 9),
(403, 19, 9),
(404, 20, 9),
(405, 21, 9),
(406, 22, 9),
(407, 23, 9),
(408, 24, 9),
(409, 25, 9),
(410, 26, 9),
(411, 27, 9),
(412, 28, 9),
(413, 29, 9),
(414, 30, 9),
(415, 31, 9),
(416, 32, 9),
(417, 33, 9),
(418, 34, 9),
(419, 35, 9),
(420, 36, 9),
(421, 37, 9),
(422, 38, 9),
(423, 39, 9),
(424, 40, 9),
(425, 41, 9),
(426, 42, 9),
(427, 43, 9),
(428, 44, 9),
(429, 45, 9),
(430, 46, 9),
(431, 47, 9),
(432, 48, 9),
(433, 1, 10),
(434, 2, 10),
(435, 3, 10),
(436, 4, 10),
(437, 5, 10),
(438, 6, 10),
(439, 7, 10),
(440, 8, 10),
(441, 9, 10),
(442, 10, 10),
(443, 11, 10),
(444, 12, 10),
(445, 13, 10),
(446, 14, 10),
(447, 15, 10),
(448, 16, 10),
(449, 17, 10),
(450, 18, 10),
(451, 19, 10),
(452, 20, 10),
(453, 21, 10),
(454, 22, 10),
(455, 23, 10),
(456, 24, 10),
(457, 25, 10),
(458, 26, 10),
(459, 27, 10),
(460, 28, 10),
(461, 29, 10),
(462, 30, 10),
(463, 31, 10),
(464, 32, 10),
(465, 33, 10),
(466, 34, 10),
(467, 35, 10),
(468, 36, 10),
(469, 37, 10),
(470, 38, 10),
(471, 39, 10),
(472, 40, 10),
(473, 41, 10),
(474, 42, 10),
(475, 43, 10),
(476, 44, 10),
(477, 45, 10),
(478, 46, 10),
(479, 47, 10),
(480, 48, 10);

-- --------------------------------------------------------

--
-- Struktur dari tabel `tugas`
--

CREATE TABLE `tugas` (
  `id_tugas` int(20) NOT NULL,
  `id_guru` int(20) NOT NULL,
  `id_mapel` int(20) NOT NULL,
  `id_kelas` int(20) NOT NULL,
  `jumlah_jam` int(20) NOT NULL
) ENGINE=InnoDB DEFAULT CHARSET=latin1;

--
-- Dumping data untuk tabel `tugas`
--

INSERT INTO `tugas` (`id_tugas`, `id_guru`, `id_mapel`, `id_kelas`, `jumlah_jam`) VALUES
(11, 1, 51, 2, 2),
(12, 1, 51, 3, 2),
(13, 1, 51, 4, 2),
(14, 2, 24, 2, 4),
(15, 2, 46, 3, 4),
(16, 2, 46, 4, 4),
(17, 2, 6, 6, 4),
(18, 2, 43, 10, 3),
(29, 3, 25, 3, 4),
(30, 3, 25, 4, 4),
(31, 3, 35, 9, 2),
(32, 4, 27, 1, 4),
(33, 4, 27, 2, 4),
(34, 4, 27, 3, 4),
(35, 4, 27, 4, 4),
(36, 4, 27, 6, 4),
(37, 4, 27, 7, 4),
(38, 5, 28, 9, 2),
(39, 5, 29, 9, 2),
(40, 5, 56, 2, 4),
(41, 5, 20, 5, 2),
(42, 5, 20, 6, 2),
(43, 5, 20, 7, 2),
(44, 6, 30, 9, 2),
(45, 6, 24, 6, 4),
(46, 7, 7, 2, 2),
(47, 7, 7, 3, 2),
(48, 7, 7, 4, 2),
(49, 7, 2, 7, 5),
(50, 7, 4, 7, 4),
(51, 7, 38, 10, 3),
(52, 7, 34, 10, 2),
(53, 7, 54, 10, 2),
(54, 8, 19, 3, 4),
(55, 8, 19, 4, 4),
(56, 8, 1, 7, 4),
(57, 8, 41, 10, 3),
(58, 8, 40, 10, 2),
(59, 9, 50, 1, 3),
(60, 9, 50, 2, 3),
(61, 9, 50, 8, 2),
(62, 9, 50, 9, 2),
(63, 9, 50, 10, 2),
(64, 10, 11, 1, 2),
(65, 10, 11, 2, 2),
(66, 10, 11, 3, 2),
(67, 10, 11, 4, 2),
(68, 10, 11, 5, 2),
(69, 10, 11, 6, 2),
(70, 10, 11, 7, 2),
(71, 10, 11, 8, 1),
(72, 10, 11, 9, 2),
(73, 10, 11, 10, 2),
(74, 11, 58, 1, 2),
(75, 11, 58, 3, 2),
(76, 11, 58, 4, 2),
(77, 11, 20, 8, 2),
(78, 11, 20, 9, 2),
(79, 11, 20, 10, 2),
(80, 11, 3, 7, 4),
(81, 12, 27, 5, 4),
(82, 12, 27, 8, 4),
(83, 12, 27, 9, 4),
(84, 12, 27, 10, 4),
(85, 13, 10, 5, 3),
(86, 13, 10, 6, 3),
(87, 13, 10, 8, 4),
(88, 13, 10, 9, 4),
(89, 13, 10, 10, 4),
(90, 13, 13, 8, 1),
(91, 13, 13, 9, 1),
(92, 13, 13, 10, 1),
(93, 14, 10, 1, 2),
(94, 14, 10, 2, 2),
(95, 14, 10, 3, 2),
(96, 14, 10, 4, 2),
(97, 14, 10, 7, 3),
(98, 14, 13, 1, 2),
(99, 14, 13, 2, 2),
(100, 14, 13, 3, 2),
(101, 14, 13, 4, 2),
(102, 14, 13, 5, 2),
(103, 14, 13, 6, 2),
(104, 14, 13, 7, 2),
(105, 15, 15, 1, 2),
(106, 15, 15, 2, 2),
(107, 15, 15, 3, 2),
(108, 15, 15, 4, 2),
(109, 15, 15, 5, 2),
(110, 15, 15, 6, 2),
(111, 15, 15, 7, 2),
(112, 15, 15, 8, 1),
(113, 15, 15, 9, 2),
(114, 15, 15, 10, 2),
(115, 15, 8, 5, 3),
(116, 15, 8, 6, 3),
(117, 15, 8, 7, 3),
(118, 16, 9, 1, 3),
(119, 16, 9, 2, 3),
(120, 16, 9, 3, 3),
(121, 16, 9, 4, 3),
(122, 16, 9, 5, 3),
(123, 16, 9, 6, 3),
(124, 16, 9, 7, 3),
(125, 16, 9, 8, 3),
(126, 16, 9, 9, 3),
(127, 16, 9, 10, 3),
(128, 17, 58, 2, 2),
(129, 17, 58, 8, 2),
(130, 17, 58, 9, 2),
(131, 17, 58, 10, 2),
(132, 18, 23, 1, 4),
(133, 18, 48, 1, 3),
(134, 18, 5, 5, 6),
(135, 18, 53, 5, 3),
(136, 18, 39, 8, 2),
(137, 18, 31, 8, 2),
(138, 18, 33, 8, 2),
(139, 19, 49, 1, 2),
(140, 19, 49, 2, 2),
(141, 19, 49, 3, 2),
(142, 19, 49, 4, 2),
(143, 19, 49, 5, 2),
(144, 19, 49, 6, 2),
(145, 19, 49, 7, 2),
(146, 19, 49, 8, 2),
(147, 19, 49, 9, 2),
(148, 19, 49, 10, 2),
(149, 20, 55, 1, 2),
(150, 20, 55, 2, 2),
(151, 20, 55, 3, 2),
(152, 20, 55, 4, 2),
(153, 20, 55, 5, 2),
(154, 20, 55, 6, 2),
(155, 20, 55, 7, 2),
(156, 20, 55, 8, 2),
(157, 20, 55, 9, 2),
(158, 20, 55, 10, 2),
(159, 21, 26, 2, 4),
(160, 21, 36, 6, 4),
(161, 21, 36, 9, 2),
(162, 21, 52, 6, 5),
(163, 21, 42, 9, 3),
(164, 21, 32, 9, 2),
(165, 22, 63, 1, 2),
(166, 22, 63, 2, 2),
(167, 22, 63, 3, 2),
(168, 22, 63, 4, 2),
(169, 22, 63, 5, 2),
(170, 22, 63, 6, 2),
(171, 22, 63, 7, 2),
(172, 22, 18, 6, 3),
(173, 22, 18, 7, 3),
(174, 22, 18, 8, 2),
(175, 22, 18, 9, 2),
(176, 22, 18, 10, 2),
(177, 23, 17, 2, 2),
(178, 23, 17, 3, 2),
(179, 23, 17, 4, 2),
(180, 23, 17, 8, 2),
(181, 23, 17, 9, 2),
(182, 23, 17, 10, 2),
(183, 23, 16, 1, 3),
(184, 23, 16, 8, 2),
(185, 23, 21, 1, 3),
(186, 23, 21, 8, 2),
(187, 24, 14, 1, 5),
(188, 24, 62, 5, 6),
(189, 24, 37, 8, 3),
(190, 24, 44, 8, 2),
(191, 24, 45, 8, 2),
(192, 25, 61, 1, 1),
(193, 25, 61, 2, 1),
(194, 25, 61, 3, 1),
(195, 25, 61, 4, 1),
(196, 25, 61, 5, 1),
(197, 25, 61, 6, 1),
(198, 25, 61, 7, 1),
(199, 25, 61, 8, 1),
(200, 25, 61, 9, 1),
(201, 25, 61, 10, 1),
(202, 25, 8, 3, 3),
(203, 25, 8, 4, 3),
(204, 26, 59, 1, 3),
(205, 26, 59, 2, 3),
(206, 26, 59, 3, 3),
(207, 26, 59, 4, 3),
(208, 26, 22, 8, 2),
(209, 26, 22, 9, 2),
(210, 26, 22, 10, 2),
(211, 26, 57, 5, 5);

-- --------------------------------------------------------

--
-- Struktur dari tabel `waktu`
--

CREATE TABLE `waktu` (
  `id_waktu` int(20) NOT NULL,
  `hari_waktu` varchar(100) NOT NULL,
  `jam_mulai_waktu` varchar(100) NOT NULL,
  `jam_selesai_waktu` varchar(100) NOT NULL,
  `count_waktu` tinyint(1) NOT NULL
) ENGINE=InnoDB DEFAULT CHARSET=latin1;

--
-- Dumping data untuk tabel `waktu`
--

INSERT INTO `waktu` (`id_waktu`, `hari_waktu`, `jam_mulai_waktu`, `jam_selesai_waktu`, `count_waktu`) VALUES
(1, 'Senin', '07:00:00', '07:45:00', 1),
(2, 'Senin', '07:45:00', '08:30:00', 2),
(3, 'Senin', '08:30:00', '09:15:00', 3),
(4, 'Senin', '09:15:00', '10:00:00', 4),
(5, 'Senin', '10:15:00', '10:55:00', 5),
(6, 'Senin', '10:55:00', '11:35:00', 6),
(7, 'Senin', '11:35:00', '12:15:00', 7),
(8, 'Senin', '13:00:00', '13:40:00', 8),
(9, 'Senin', '13:40:00', '14:20:00', 9),
(10, 'Senin', '14:20:00', '15:00:00', 10),
(11, 'Selasa', '07:00:00', '07:45:00', 1),
(12, 'Selasa', '07:45:00', '08:30:00', 2),
(13, 'Selasa', '08:30:00', '09:15:00', 3),
(14, 'Selasa', '09:15:00', '10:00:00', 4),
(15, 'Selasa', '10:15:00', '10:55:00', 5),
(16, 'Selasa', '10:55:00', '11:35:00', 6),
(17, 'Selasa', '11:35:00', '12:15:00', 7),
(18, 'Selasa', '13:00:00', '13:40:00', 8),
(19, 'Selasa', '13:40:00', '14:20:00', 9),
(20, 'Selasa', '14:20:00', '15:00:00', 10),
(21, 'Rabu', '07:00:00', '07:45:00', 1),
(22, 'Rabu', '07:45:00', '08:30:00', 2),
(23, 'Rabu', '08:30:00', '09:15:00', 3),
(24, 'Rabu', '09:15:00', '10:00:00', 4),
(25, 'Rabu', '10:15:00', '10:55:00', 5),
(26, 'Rabu', '10:55:00', '11:35:00', 6),
(27, 'Rabu', '11:35:00', '12:15:00', 7),
(28, 'Rabu', '13:00:00', '13:40:00', 8),
(29, 'Rabu', '13:40:00', '14:20:00', 9),
(30, 'Rabu', '14:20:00', '15:00:00', 10),
(31, 'Kamis', '07:00:00', '07:45:00', 1),
(32, 'Kamis', '07:45:00', '08:30:00', 2),
(33, 'Kamis', '08:30:00', '09:15:00', 3),
(34, 'Kamis', '09:15:00', '10:00:00', 4),
(35, 'Kamis', '10:15:00', '10:55:00', 5),
(36, 'Kamis', '10:55:00', '11:35:00', 6),
(37, 'Kamis', '11:35:00', '12:15:00', 7),
(38, 'Kamis', '13:00:00', '13:40:00', 8),
(39, 'Kamis', '13:40:00', '14:20:00', 9),
(40, 'Kamis', '14:20:00', '15:00:00', 10),
(41, 'Jumat', '07:15:00', '07:55:00', 1),
(42, 'Jumat', '07:55:00', '08:35:00', 2),
(43, 'Jumat', '08:35:00', '09:15:00', 3),
(44, 'Jumat', '09:30:00', '10:10:00', 4),
(45, 'Jumat', '10:10:00', '10:50:00', 5),
(46, 'Jumat', '10:50:00', '11:30:00', 6),
(47, 'Jumat', '13:15:00', '13:55:00', 7),
(48, 'Jumat', '13:55:00', '14:35:00', 8);

--
-- Indexes for dumped tables
--

--
-- Indexes for table `admin`
--
ALTER TABLE `admin`
  ADD PRIMARY KEY (`id_admin`);

--
-- Indexes for table `guru`
--
ALTER TABLE `guru`
  ADD PRIMARY KEY (`id_guru`);

--
-- Indexes for table `jadwal`
--
ALTER TABLE `jadwal`
  ADD PRIMARY KEY (`id_jadwal`);

--
-- Indexes for table `kelas`
--
ALTER TABLE `kelas`
  ADD PRIMARY KEY (`id_kelas`);

--
-- Indexes for table `kesediaan`
--
ALTER TABLE `kesediaan`
  ADD PRIMARY KEY (`id_kesediaan`);

--
-- Indexes for table `ketidaksediaan`
--
ALTER TABLE `ketidaksediaan`
  ADD PRIMARY KEY (`id_ketidaksediaan`);

--
-- Indexes for table `mapel`
--
ALTER TABLE `mapel`
  ADD PRIMARY KEY (`id_mapel`);

--
-- Indexes for table `slot_waktu`
--
ALTER TABLE `slot_waktu`
  ADD PRIMARY KEY (`id_slot`);

--
-- Indexes for table `tugas`
--
ALTER TABLE `tugas`
  ADD PRIMARY KEY (`id_tugas`);

--
-- Indexes for table `waktu`
--
ALTER TABLE `waktu`
  ADD PRIMARY KEY (`id_waktu`);

--
-- AUTO_INCREMENT for dumped tables
--

--
-- AUTO_INCREMENT for table `admin`
--
ALTER TABLE `admin`
  MODIFY `id_admin` int(11) NOT NULL AUTO_INCREMENT, AUTO_INCREMENT=2;
--
-- AUTO_INCREMENT for table `guru`
--
ALTER TABLE `guru`
  MODIFY `id_guru` int(20) NOT NULL AUTO_INCREMENT, AUTO_INCREMENT=28;
--
-- AUTO_INCREMENT for table `jadwal`
--
ALTER TABLE `jadwal`
  MODIFY `id_jadwal` int(22) NOT NULL AUTO_INCREMENT, AUTO_INCREMENT=481;
--
-- AUTO_INCREMENT for table `kelas`
--
ALTER TABLE `kelas`
  MODIFY `id_kelas` int(20) NOT NULL AUTO_INCREMENT, AUTO_INCREMENT=11;
--
-- AUTO_INCREMENT for table `kesediaan`
--
ALTER TABLE `kesediaan`
  MODIFY `id_kesediaan` int(22) NOT NULL AUTO_INCREMENT, AUTO_INCREMENT=906;
--
-- AUTO_INCREMENT for table `ketidaksediaan`
--
ALTER TABLE `ketidaksediaan`
  MODIFY `id_ketidaksediaan` int(20) NOT NULL AUTO_INCREMENT, AUTO_INCREMENT=43;
--
-- AUTO_INCREMENT for table `mapel`
--
ALTER TABLE `mapel`
  MODIFY `id_mapel` int(20) NOT NULL AUTO_INCREMENT, AUTO_INCREMENT=64;
--
-- AUTO_INCREMENT for table `slot_waktu`
--
ALTER TABLE `slot_waktu`
  MODIFY `id_slot` int(11) NOT NULL AUTO_INCREMENT, AUTO_INCREMENT=481;
--
-- AUTO_INCREMENT for table `tugas`
--
ALTER TABLE `tugas`
  MODIFY `id_tugas` int(20) NOT NULL AUTO_INCREMENT, AUTO_INCREMENT=212;
--
-- AUTO_INCREMENT for table `waktu`
--
ALTER TABLE `waktu`
  MODIFY `id_waktu` int(20) NOT NULL AUTO_INCREMENT, AUTO_INCREMENT=49;
/*!40101 SET CHARACTER_SET_CLIENT=@OLD_CHARACTER_SET_CLIENT */;
/*!40101 SET CHARACTER_SET_RESULTS=@OLD_CHARACTER_SET_RESULTS */;
/*!40101 SET COLLATION_CONNECTION=@OLD_COLLATION_CONNECTION */;
