-- phpMyAdmin SQL Dump
-- version 4.5.1
-- http://www.phpmyadmin.net
--
-- Host: 127.0.0.1
-- Generation Time: 20 Feb 2018 pada 02.44
-- Versi Server: 10.1.9-MariaDB
-- PHP Version: 5.6.15

SET SQL_MODE = "NO_AUTO_VALUE_ON_ZERO";
SET time_zone = "+00:00";


/*!40101 SET @OLD_CHARACTER_SET_CLIENT=@@CHARACTER_SET_CLIENT */;
/*!40101 SET @OLD_CHARACTER_SET_RESULTS=@@CHARACTER_SET_RESULTS */;
/*!40101 SET @OLD_COLLATION_CONNECTION=@@COLLATION_CONNECTION */;
/*!40101 SET NAMES utf8mb4 */;

--
-- Database: `penjadwalan`
--

-- --------------------------------------------------------

--
-- Struktur dari tabel `admin`
--

CREATE TABLE `admin` (
  `id_admin` int(11) NOT NULL,
  `username` varchar(255) NOT NULL,
  `password` varchar(255) NOT NULL
) ENGINE=InnoDB DEFAULT CHARSET=latin1;

--
-- Dumping data untuk tabel `admin`
--

INSERT INTO `admin` (`id_admin`, `username`, `password`) VALUES
(1, 'kamal', '10406c1d7b7421b1a56f0d951e952a95');

-- --------------------------------------------------------

--
-- Struktur dari tabel `guru`
--

CREATE TABLE `guru` (
  `id_guru` int(20) NOT NULL,
  `nip_guru` varchar(100) NOT NULL,
  `nama_guru` varchar(100) NOT NULL,
  `username` varchar(100) NOT NULL,
  `password` varchar(100) NOT NULL
) ENGINE=InnoDB DEFAULT CHARSET=latin1;

--
-- Dumping data untuk tabel `guru`
--

INSERT INTO `guru` (`id_guru`, `nip_guru`, `nama_guru`, `username`, `password`) VALUES
(1, '', 'Riswanto, S.Pd', '101', '101'),
(2, '', 'Juni Abdilah, S.Pd', '102', '102'),
(3, '', 'Masriki, S.Pd', '103', '103'),
(4, '', 'Sugiyanto, S.Pd', '104', '104'),
(5, '', 'Drs. H. Edi Sari', '105', '105'),
(6, '', 'Syafrudin, S.Pd', '106', '106'),
(7, '', 'Sri Hartati, S.Pd', '107', '107'),
(8, '', 'Dra. Sukamti Ar. M.Pd', '108', '108'),
(9, '', 'Drs. M. Sidik', '109', '109'),
(10, '', 'Ratna Ayu W, S,Pd', '110', '110'),
(11, '', 'Riswati S.Pd', '111', '111'),
(12, '', 'Devi Susiyanti,S.Pd', '112', '112'),
(13, '', 'Sukaya,S.S', '113', '113'),
(14, '', 'Ery Fathoni, S.Pd', '114', '114'),
(15, '', 'Syarifudin Yahya, S.PdI', '115', '115'),
(16, '', 'Muhammad Zikri', '116', '116'),
(17, '', 'Yuni Ahmad R, S.Pd', '117', '117'),
(18, '', 'Kamaluddin M, S.Kom', '118', '118'),
(19, '', 'M. Fahri Sugali, S.Pd', '119', '119'),
(20, '', 'Ferry Agung W, S.Pd', '120', '120'),
(21, '', 'Sumarno, S.Pd', '121', '121'),
(22, '', 'Indah Wahyu W, SE', '122', '122'),
(23, '', 'Rini Puspitawati, S.Pd', '123', '123'),
(24, '', 'Rizal Muchtar, S.Kom', '124', '124'),
(25, '', 'Rustana , S.Pd.I', '125', '125'),
(26, '', 'M.Ilham, S.Kom', '126', '126'),
(27, '', 'Novri Ronald Fieterd', '127', '127');

-- --------------------------------------------------------

--
-- Struktur dari tabel `jadwal`
--

CREATE TABLE `jadwal` (
  `id_jadwal` int(22) NOT NULL,
  `id_tugas` int(20) NOT NULL,
  `id_kesediaan` int(20) NOT NULL
) ENGINE=InnoDB DEFAULT CHARSET=latin1;

--
-- Dumping data untuk tabel `jadwal`
--

INSERT INTO `jadwal` (`id_jadwal`, `id_tugas`, `id_kesediaan`) VALUES
(1, 35, 158),
(2, 28, 140),
(3, 189, 814),
(4, 182, 802),
(5, 144, 680),
(6, 167, 751),
(7, 132, 652),
(8, 127, 597),
(9, 131, 613),
(10, 98, 503),
(11, 27, 115),
(12, 109, 559),
(13, 78, 412),
(14, 119, 608),
(15, 100, 501),
(16, 188, 847),
(17, 123, 573),
(18, 120, 601),
(19, 163, 735),
(20, 184, 795),
(21, 110, 554),
(22, 29, 107),
(23, 133, 656),
(24, 114, 562),
(25, 122, 600),
(26, 184, 793),
(27, 83, 451),
(28, 136, 625),
(29, 172, 759),
(30, 14, 68),
(31, 64, 399),
(32, 36, 156),
(33, 114, 543),
(34, 132, 632),
(35, 39, 193),
(36, 211, 884),
(37, 179, 783),
(38, 66, 397),
(39, 130, 621),
(40, 35, 150),
(41, 208, 886),
(42, 177, 792),
(43, 88, 493),
(44, 54, 341),
(45, 34, 145),
(46, 13, 33),
(47, 164, 741),
(48, 117, 563),
(49, 158, 699),
(50, 76, 408),
(51, 37, 152),
(52, 30, 109),
(53, 134, 630),
(54, 106, 535),
(55, 70, 376),
(56, 163, 736),
(57, 84, 441),
(58, 86, 479),
(59, 128, 623),
(60, 95, 534),
(61, 17, 50),
(62, 126, 604),
(63, 134, 644),
(64, 62, 367),
(65, 122, 578),
(66, 72, 393),
(67, 17, 94),
(68, 125, 582),
(69, 107, 552),
(70, 99, 512),
(71, 190, 821),
(72, 11, 28),
(73, 13, 16),
(74, 47, 330),
(75, 176, 748),
(76, 204, 894),
(77, 207, 879),
(78, 202, 861),
(79, 32, 157),
(80, 90, 473),
(81, 173, 756),
(82, 34, 149),
(83, 185, 799),
(84, 161, 743),
(85, 48, 328),
(86, 92, 461),
(87, 49, 331),
(88, 34, 164),
(89, 66, 394),
(90, 73, 387),
(91, 98, 499),
(92, 37, 172),
(93, 36, 155),
(94, 192, 859),
(95, 126, 575),
(96, 107, 545),
(97, 205, 895),
(98, 211, 883),
(99, 118, 602),
(100, 135, 641),
(101, 89, 464),
(102, 94, 514),
(103, 43, 195),
(104, 16, 61),
(105, 33, 160),
(106, 56, 347),
(107, 59, 361),
(108, 35, 162),
(109, 50, 327),
(110, 159, 733),
(111, 145, 665),
(112, 44, 206),
(113, 15, 49),
(114, 162, 731),
(115, 198, 858),
(116, 40, 191),
(117, 138, 655),
(118, 50, 322),
(119, 79, 413),
(120, 171, 758),
(121, 101, 515),
(122, 151, 690),
(123, 118, 603),
(124, 113, 541),
(125, 153, 711),
(126, 179, 797),
(127, 130, 612),
(128, 24, 106),
(129, 62, 359),
(130, 97, 505),
(131, 111, 565),
(132, 60, 364),
(133, 40, 175),
(134, 197, 869),
(135, 150, 687),
(136, 126, 610),
(137, 31, 111),
(138, 69, 377),
(139, 187, 835),
(140, 33, 154),
(141, 139, 666),
(142, 207, 892),
(143, 183, 791),
(144, 121, 605),
(145, 55, 350),
(146, 169, 760),
(147, 40, 194),
(148, 45, 202),
(149, 133, 638),
(150, 52, 311),
(151, 88, 488),
(152, 41, 182),
(153, 29, 118),
(154, 185, 810),
(155, 157, 688),
(156, 112, 571),
(157, 15, 83),
(158, 68, 374),
(159, 80, 427),
(160, 167, 754),
(161, 59, 360),
(162, 83, 434),
(163, 70, 396),
(164, 91, 471),
(165, 156, 689),
(166, 113, 540),
(167, 5, 45),
(168, 203, 852),
(169, 174, 761),
(170, 204, 882),
(171, 26, 104),
(172, 38, 190),
(173, 21, 113),
(174, 175, 746),
(175, 31, 100),
(176, 61, 370),
(177, 39, 192),
(178, 84, 432),
(179, 45, 200),
(180, 131, 617),
(181, 182, 811),
(182, 32, 165),
(183, 111, 544),
(184, 53, 319),
(185, 170, 771),
(186, 124, 583),
(187, 203, 850),
(188, 60, 369),
(189, 42, 189),
(190, 1, 6),
(191, 136, 650),
(192, 103, 498),
(193, 121, 574),
(194, 84, 455),
(195, 29, 123),
(196, 37, 166),
(197, 89, 465),
(198, 134, 646),
(199, 171, 770),
(200, 140, 663),
(201, 87, 478),
(202, 108, 566),
(203, 88, 485),
(204, 177, 807),
(205, 80, 428),
(206, 168, 749),
(207, 87, 482),
(208, 20, 116),
(209, 165, 752),
(210, 140, 669),
(211, 174, 772),
(212, 50, 307),
(213, 15, 62),
(214, 211, 881),
(215, 25, 131),
(216, 58, 340),
(217, 67, 375),
(218, 54, 354),
(219, 209, 887),
(220, 153, 708),
(221, 49, 308),
(222, 17, 96),
(223, 207, 885),
(224, 154, 705),
(225, 97, 508),
(226, 168, 773),
(227, 204, 873),
(228, 25, 141),
(229, 79, 429),
(230, 85, 467),
(231, 151, 685),
(232, 80, 409),
(233, 16, 70),
(234, 75, 419),
(235, 51, 315),
(236, 108, 538),
(237, 81, 439),
(238, 14, 84),
(239, 68, 381),
(240, 144, 668),
(241, 115, 558),
(242, 137, 626),
(243, 84, 430),
(244, 161, 740),
(245, 44, 204),
(246, 4, 21),
(247, 132, 637),
(248, 57, 349),
(249, 149, 694),
(250, 102, 518),
(251, 69, 390),
(252, 55, 338),
(253, 89, 483),
(254, 77, 406),
(255, 139, 658),
(256, 82, 436),
(257, 54, 345),
(258, 24, 143),
(259, 121, 580),
(260, 143, 674),
(261, 86, 481),
(262, 155, 691),
(263, 42, 196),
(264, 96, 496),
(265, 127, 598),
(266, 191, 833),
(267, 81, 444),
(268, 120, 588),
(269, 160, 713),
(270, 187, 826),
(271, 206, 893),
(272, 143, 678),
(273, 64, 398),
(274, 20, 114),
(275, 19, 134),
(276, 162, 722),
(277, 33, 147),
(278, 27, 108),
(279, 157, 706),
(280, 22, 135),
(281, 55, 336),
(282, 147, 681),
(283, 117, 553),
(284, 180, 798),
(285, 56, 333),
(286, 99, 525),
(287, 53, 326),
(288, 40, 183),
(289, 189, 817),
(290, 104, 509),
(291, 30, 117),
(292, 83, 453),
(293, 187, 848),
(294, 188, 816),
(295, 160, 738),
(296, 46, 332),
(297, 115, 547),
(298, 189, 840),
(299, 45, 207),
(300, 119, 594),
(301, 194, 856),
(302, 165, 774),
(303, 146, 660),
(304, 32, 161),
(305, 162, 745),
(306, 30, 124),
(307, 82, 440),
(308, 12, 39),
(309, 18, 75),
(310, 35, 168),
(311, 138, 633),
(312, 120, 609),
(313, 123, 587),
(314, 128, 614),
(315, 17, 63),
(316, 135, 635),
(317, 105, 548),
(318, 87, 494),
(319, 133, 640),
(320, 6, 29),
(321, 160, 744),
(322, 118, 591),
(323, 74, 403),
(324, 172, 767),
(325, 190, 823),
(326, 196, 868),
(327, 10, 40),
(328, 173, 777),
(329, 125, 577),
(330, 203, 870),
(331, 104, 511),
(332, 146, 679),
(333, 8, 3),
(334, 51, 321),
(335, 208, 876),
(336, 211, 901),
(337, 159, 716),
(338, 147, 670),
(339, 149, 704),
(340, 127, 576),
(341, 154, 695),
(342, 135, 649),
(343, 57, 346),
(344, 95, 502),
(345, 175, 766),
(346, 60, 368),
(347, 22, 121),
(348, 18, 64),
(349, 23, 103),
(350, 185, 801),
(351, 124, 112),
(352, 160, 854),
(353, 162, 841),
(354, 210, 815),
(355, 132, 560),
(356, 28, 383),
(357, 205, 667),
(358, 37, 329),
(359, 129, 787),
(360, 80, 358),
(361, 159, 435),
(362, 122, 126),
(363, 86, 536),
(364, 119, 753),
(365, 166, 804),
(366, 210, 497),
(367, 52, 314),
(368, 15, 552),
(369, 155, 710),
(370, 211, 21),
(371, 205, 474),
(372, 67, 392),
(373, 172, 591),
(374, 186, 779),
(375, 187, 613),
(376, 164, 734),
(377, 202, 122),
(378, 87, 617),
(379, 169, 490),
(380, 116, 348),
(381, 93, 81),
(382, 137, 198),
(383, 19, 123),
(384, 14, 655),
(385, 47, 87),
(386, 36, 101),
(387, 193, 842),
(388, 142, 129),
(389, 55, 344),
(390, 33, 464),
(391, 102, 717),
(392, 58, 442),
(393, 50, 57),
(394, 71, 697),
(395, 183, 56),
(396, 178, 725),
(397, 188, 829),
(398, 16, 806),
(399, 3, 429),
(400, 63, 170),
(401, 150, 887),
(402, 191, 466),
(403, 82, 771),
(404, 49, 537),
(405, 173, 704),
(406, 110, 903),
(407, 123, 8),
(408, 43, 890),
(409, 63, 177),
(410, 180, 878),
(411, 163, 416),
(412, 14, 728),
(413, 115, 312),
(414, 178, 411),
(415, 97, 574),
(416, 201, 17),
(417, 78, 405),
(418, 65, 774),
(419, 85, 445),
(420, 77, 620),
(421, 162, 340),
(422, 11, 721),
(423, 12, 901),
(424, 109, 892),
(425, 29, 10),
(426, 156, 800),
(427, 158, 611),
(428, 49, 463),
(429, 94, 427),
(430, 148, 672),
(431, 148, 775),
(432, 125, 738),
(433, 134, 591),
(434, 200, 834),
(435, 26, 72),
(436, 89, 456),
(437, 16, 324),
(438, 176, 580),
(439, 105, 151),
(440, 159, 657),
(441, 116, 114),
(442, 59, 142),
(443, 85, 325),
(444, 45, 818),
(445, 195, 149),
(446, 166, 572),
(447, 134, 632),
(448, 51, 823),
(449, 2, 853),
(450, 54, 47),
(451, 32, 882),
(452, 96, 819),
(453, 57, 22),
(454, 103, 37),
(455, 152, 60),
(456, 83, 882),
(457, 206, 886),
(458, 56, 67),
(459, 81, 776),
(460, 181, 788),
(461, 134, 871),
(462, 199, 437),
(463, 46, 725),
(464, 36, 46),
(465, 73, 732),
(466, 74, 832),
(467, 187, 405),
(468, 18, 80),
(469, 188, 42),
(470, 188, 512),
(471, 49, 673),
(472, 145, 856),
(473, 100, 864),
(474, 75, 75),
(475, 152, 735),
(476, 142, 676),
(477, 9, 752),
(478, 181, 355),
(479, 23, 97),
(480, 81, 558),
(481, 188, 770),
(482, 41, 839),
(483, 141, 483),
(484, 34, 807),
(485, 129, 887),
(486, 82, 153),
(487, 30, 843),
(488, 48, 42),
(489, 65, 723),
(490, 106, 591),
(491, 206, 514),
(492, 141, 747),
(493, 202, 13),
(494, 21, 368),
(495, 38, 185),
(496, 72, 877),
(497, 61, 615),
(498, 186, 903),
(499, 56, 550),
(500, 7, 404),
(501, 88, 516),
(502, 209, 570),
(503, 117, 650),
(504, 124, 333),
(505, 170, 415),
(506, 116, 821),
(507, 76, 413),
(508, 101, 15),
(509, 93, 758),
(510, 183, 852);

-- --------------------------------------------------------

--
-- Struktur dari tabel `kelas`
--

CREATE TABLE `kelas` (
  `id_kelas` int(20) NOT NULL,
  `nama_kelas` varchar(100) NOT NULL
) ENGINE=InnoDB DEFAULT CHARSET=latin1;

--
-- Dumping data untuk tabel `kelas`
--

INSERT INTO `kelas` (`id_kelas`, `nama_kelas`) VALUES
(1, 'XTKJ1'),
(2, 'XTN1\r\n'),
(3, 'XAP1\r\n'),
(4, 'XAP2\r\n'),
(5, 'XI TKJ\r\n'),
(6, 'XIPM1\r\n'),
(7, 'XIAP\r\n'),
(8, 'XIITKJ\r\n'),
(9, 'XIIPM1\r\n'),
(10, 'XIIAP\r\n');

-- --------------------------------------------------------

--
-- Struktur dari tabel `kesediaan`
--

CREATE TABLE `kesediaan` (
  `id_kesediaan` int(22) NOT NULL,
  `id_guru` int(22) NOT NULL,
  `id_waktu` int(22) NOT NULL
) ENGINE=InnoDB DEFAULT CHARSET=latin1;

--
-- Dumping data untuk tabel `kesediaan`
--

INSERT INTO `kesediaan` (`id_kesediaan`, `id_guru`, `id_waktu`) VALUES
(1, 1, 1),
(2, 1, 2),
(3, 1, 3),
(4, 1, 4),
(5, 1, 5),
(6, 1, 6),
(7, 1, 7),
(8, 1, 8),
(9, 1, 9),
(10, 1, 10),
(11, 1, 11),
(12, 1, 12),
(13, 1, 13),
(14, 1, 14),
(15, 1, 15),
(16, 1, 16),
(17, 1, 17),
(18, 1, 18),
(19, 1, 19),
(20, 1, 20),
(21, 1, 21),
(22, 1, 22),
(23, 1, 23),
(24, 1, 24),
(25, 1, 25),
(26, 1, 26),
(27, 1, 27),
(28, 1, 28),
(29, 1, 29),
(30, 1, 30),
(31, 1, 31),
(32, 1, 32),
(33, 1, 33),
(34, 1, 34),
(35, 1, 35),
(36, 1, 36),
(37, 1, 37),
(38, 1, 38),
(39, 1, 39),
(40, 1, 40),
(41, 1, 41),
(42, 1, 42),
(43, 1, 43),
(44, 1, 44),
(45, 1, 45),
(46, 1, 46),
(47, 1, 47),
(48, 1, 48),
(49, 2, 1),
(50, 2, 2),
(51, 2, 3),
(52, 2, 4),
(53, 2, 5),
(54, 2, 6),
(55, 2, 7),
(56, 2, 8),
(57, 2, 9),
(58, 2, 10),
(59, 2, 11),
(60, 2, 12),
(61, 2, 13),
(62, 2, 14),
(63, 2, 15),
(64, 2, 16),
(65, 2, 17),
(66, 2, 18),
(67, 2, 19),
(68, 2, 20),
(69, 2, 21),
(70, 2, 22),
(71, 2, 23),
(72, 2, 24),
(73, 2, 25),
(74, 2, 26),
(75, 2, 27),
(76, 2, 28),
(77, 2, 29),
(78, 2, 30),
(79, 2, 31),
(80, 2, 32),
(81, 2, 33),
(82, 2, 34),
(83, 2, 35),
(84, 2, 36),
(85, 2, 37),
(86, 2, 38),
(87, 2, 39),
(88, 2, 40),
(89, 2, 41),
(90, 2, 42),
(91, 2, 43),
(92, 2, 44),
(93, 2, 45),
(94, 2, 46),
(95, 2, 47),
(96, 2, 48),
(97, 3, 1),
(98, 3, 2),
(99, 3, 3),
(100, 3, 4),
(101, 3, 5),
(102, 3, 6),
(103, 3, 7),
(104, 3, 8),
(105, 3, 9),
(106, 3, 10),
(107, 3, 11),
(108, 3, 12),
(109, 3, 13),
(110, 3, 14),
(111, 3, 15),
(112, 3, 16),
(113, 3, 17),
(114, 3, 18),
(115, 3, 19),
(116, 3, 20),
(117, 3, 21),
(118, 3, 22),
(119, 3, 23),
(120, 3, 24),
(121, 3, 25),
(122, 3, 26),
(123, 3, 27),
(124, 3, 28),
(125, 3, 29),
(126, 3, 30),
(127, 3, 31),
(128, 3, 32),
(129, 3, 33),
(130, 3, 34),
(131, 3, 35),
(132, 3, 36),
(133, 3, 37),
(134, 3, 38),
(135, 3, 39),
(136, 3, 40),
(137, 3, 41),
(138, 3, 42),
(139, 3, 43),
(140, 3, 44),
(141, 3, 45),
(142, 3, 46),
(143, 3, 47),
(144, 3, 48),
(145, 4, 1),
(146, 4, 2),
(147, 4, 3),
(148, 4, 4),
(149, 4, 5),
(150, 4, 6),
(151, 4, 7),
(152, 4, 8),
(153, 4, 9),
(154, 4, 10),
(155, 4, 11),
(156, 4, 12),
(157, 4, 13),
(158, 4, 14),
(159, 4, 15),
(160, 4, 16),
(161, 4, 17),
(162, 4, 18),
(163, 4, 19),
(164, 4, 20),
(165, 4, 31),
(166, 4, 32),
(167, 4, 33),
(168, 4, 34),
(169, 4, 35),
(170, 4, 36),
(171, 4, 37),
(172, 4, 38),
(173, 4, 39),
(174, 4, 40),
(175, 5, 11),
(176, 5, 12),
(177, 5, 13),
(178, 5, 14),
(179, 5, 15),
(180, 5, 16),
(181, 5, 17),
(182, 5, 18),
(183, 5, 19),
(184, 5, 20),
(185, 5, 31),
(186, 5, 32),
(187, 5, 33),
(188, 5, 34),
(189, 5, 35),
(190, 5, 41),
(191, 5, 42),
(192, 5, 43),
(193, 5, 44),
(194, 5, 45),
(195, 5, 46),
(196, 5, 47),
(197, 5, 48),
(198, 6, 1),
(199, 6, 2),
(200, 6, 3),
(201, 6, 4),
(202, 6, 5),
(203, 6, 11),
(204, 6, 12),
(205, 6, 13),
(206, 6, 14),
(207, 6, 15),
(305, 7, 1),
(306, 7, 2),
(307, 7, 3),
(308, 7, 4),
(309, 7, 5),
(310, 7, 6),
(311, 7, 7),
(312, 7, 8),
(313, 7, 9),
(314, 7, 10),
(315, 7, 31),
(316, 7, 32),
(317, 7, 33),
(318, 7, 34),
(319, 7, 35),
(320, 7, 36),
(321, 7, 37),
(322, 7, 38),
(323, 7, 39),
(324, 7, 40),
(325, 7, 41),
(326, 7, 42),
(327, 7, 43),
(328, 7, 44),
(329, 7, 45),
(330, 7, 46),
(331, 7, 47),
(332, 7, 48),
(333, 8, 6),
(334, 8, 7),
(335, 8, 8),
(336, 8, 9),
(337, 8, 10),
(338, 8, 16),
(339, 8, 17),
(340, 8, 18),
(341, 8, 19),
(342, 8, 20),
(343, 8, 31),
(344, 8, 32),
(345, 8, 33),
(346, 8, 34),
(347, 8, 35),
(348, 8, 36),
(349, 8, 37),
(350, 8, 38),
(351, 8, 39),
(352, 8, 40),
(353, 8, 46),
(354, 8, 47),
(355, 8, 48),
(356, 9, 21),
(357, 9, 22),
(358, 9, 23),
(359, 9, 24),
(360, 9, 25),
(361, 9, 26),
(362, 9, 27),
(363, 9, 28),
(364, 9, 29),
(365, 9, 30),
(366, 9, 41),
(367, 9, 42),
(368, 9, 43),
(369, 9, 44),
(370, 9, 45),
(371, 9, 46),
(372, 9, 47),
(373, 9, 48),
(374, 10, 1),
(375, 10, 2),
(376, 10, 3),
(377, 10, 4),
(378, 10, 5),
(379, 10, 6),
(380, 10, 7),
(381, 10, 8),
(382, 10, 9),
(383, 10, 10),
(384, 10, 21),
(385, 10, 22),
(386, 10, 23),
(387, 10, 24),
(388, 10, 25),
(389, 10, 36),
(390, 10, 37),
(391, 10, 38),
(392, 10, 39),
(393, 10, 40),
(394, 10, 41),
(395, 10, 42),
(396, 10, 43),
(397, 10, 44),
(398, 10, 45),
(399, 10, 46),
(400, 10, 47),
(401, 10, 48),
(402, 11, 11),
(403, 11, 12),
(404, 11, 13),
(405, 11, 14),
(406, 11, 15),
(407, 11, 21),
(408, 11, 22),
(409, 11, 23),
(410, 11, 24),
(411, 11, 25),
(412, 11, 31),
(413, 11, 32),
(414, 11, 33),
(415, 11, 34),
(416, 11, 35),
(417, 11, 36),
(418, 11, 37),
(419, 11, 38),
(420, 11, 39),
(421, 11, 40),
(422, 11, 41),
(423, 11, 42),
(424, 11, 43),
(425, 11, 44),
(426, 11, 45),
(427, 11, 46),
(428, 11, 47),
(429, 11, 48),
(430, 12, 1),
(431, 12, 2),
(432, 12, 3),
(433, 12, 4),
(434, 12, 5),
(435, 12, 6),
(436, 12, 7),
(437, 12, 8),
(438, 12, 9),
(439, 12, 10),
(440, 12, 21),
(441, 12, 22),
(442, 12, 23),
(443, 12, 24),
(444, 12, 25),
(445, 12, 26),
(446, 12, 27),
(447, 12, 28),
(448, 12, 29),
(449, 12, 30),
(450, 12, 41),
(451, 12, 42),
(452, 12, 43),
(453, 12, 44),
(454, 12, 45),
(455, 12, 46),
(456, 12, 47),
(457, 12, 48),
(458, 13, 1),
(459, 13, 2),
(460, 13, 3),
(461, 13, 4),
(462, 13, 5),
(463, 13, 6),
(464, 13, 7),
(465, 13, 8),
(466, 13, 9),
(467, 13, 21),
(468, 13, 22),
(469, 13, 23),
(470, 13, 24),
(471, 13, 25),
(472, 13, 26),
(473, 13, 27),
(474, 13, 28),
(475, 13, 29),
(476, 13, 30),
(477, 13, 31),
(478, 13, 32),
(479, 13, 33),
(480, 13, 34),
(481, 13, 35),
(482, 13, 36),
(483, 13, 37),
(484, 13, 38),
(485, 13, 39),
(486, 13, 40),
(487, 13, 41),
(488, 13, 42),
(489, 13, 43),
(490, 13, 44),
(491, 13, 45),
(492, 13, 46),
(493, 13, 47),
(494, 13, 48),
(495, 14, 1),
(496, 14, 2),
(497, 14, 3),
(498, 14, 4),
(499, 14, 5),
(500, 14, 6),
(501, 14, 7),
(502, 14, 8),
(503, 14, 9),
(504, 14, 10),
(505, 14, 11),
(506, 14, 12),
(507, 14, 13),
(508, 14, 14),
(509, 14, 15),
(510, 14, 16),
(511, 14, 17),
(512, 14, 18),
(513, 14, 19),
(514, 14, 20),
(515, 14, 21),
(516, 14, 22),
(517, 14, 23),
(518, 14, 24),
(519, 14, 25),
(520, 14, 26),
(521, 14, 27),
(522, 14, 28),
(523, 14, 29),
(524, 14, 30),
(525, 14, 31),
(526, 14, 32),
(527, 14, 33),
(528, 14, 34),
(529, 14, 35),
(530, 14, 36),
(531, 14, 37),
(532, 14, 38),
(533, 14, 39),
(534, 14, 40),
(535, 15, 11),
(536, 15, 12),
(537, 15, 13),
(538, 15, 14),
(539, 15, 15),
(540, 15, 16),
(541, 15, 17),
(542, 15, 18),
(543, 15, 19),
(544, 15, 20),
(545, 15, 21),
(546, 15, 22),
(547, 15, 23),
(548, 15, 24),
(549, 15, 25),
(550, 15, 26),
(551, 15, 27),
(552, 15, 28),
(553, 15, 29),
(554, 15, 30),
(555, 15, 31),
(556, 15, 32),
(557, 15, 33),
(558, 15, 34),
(559, 15, 35),
(560, 15, 36),
(561, 15, 37),
(562, 15, 38),
(563, 15, 39),
(564, 15, 40),
(565, 15, 41),
(566, 15, 42),
(567, 15, 43),
(568, 15, 44),
(569, 15, 45),
(570, 15, 46),
(571, 15, 47),
(572, 15, 48),
(573, 16, 1),
(574, 16, 2),
(575, 16, 3),
(576, 16, 4),
(577, 16, 5),
(578, 16, 6),
(579, 16, 7),
(580, 16, 8),
(581, 16, 9),
(582, 16, 10),
(583, 16, 11),
(584, 16, 12),
(585, 16, 13),
(586, 16, 14),
(587, 16, 15),
(588, 16, 16),
(589, 16, 17),
(590, 16, 18),
(591, 16, 19),
(592, 16, 20),
(593, 16, 21),
(594, 16, 22),
(595, 16, 23),
(596, 16, 24),
(597, 16, 25),
(598, 16, 26),
(599, 16, 27),
(600, 16, 28),
(601, 16, 29),
(602, 16, 30),
(603, 16, 41),
(604, 16, 42),
(605, 16, 43),
(606, 16, 44),
(607, 16, 45),
(608, 16, 46),
(609, 16, 47),
(610, 16, 48),
(611, 17, 31),
(612, 17, 32),
(613, 17, 33),
(614, 17, 34),
(615, 17, 35),
(616, 17, 41),
(617, 17, 42),
(618, 17, 43),
(619, 17, 44),
(620, 17, 45),
(621, 17, 46),
(622, 17, 47),
(623, 17, 48),
(624, 18, 1),
(625, 18, 2),
(626, 18, 3),
(627, 18, 4),
(628, 18, 5),
(629, 18, 6),
(630, 18, 7),
(631, 18, 8),
(632, 18, 9),
(633, 18, 10),
(634, 18, 21),
(635, 18, 22),
(636, 18, 23),
(637, 18, 24),
(638, 18, 25),
(639, 18, 31),
(640, 18, 32),
(641, 18, 33),
(642, 18, 34),
(643, 18, 35),
(644, 18, 36),
(645, 18, 37),
(646, 18, 38),
(647, 18, 39),
(648, 18, 40),
(649, 18, 41),
(650, 18, 42),
(651, 18, 43),
(652, 18, 44),
(653, 18, 45),
(654, 18, 46),
(655, 18, 47),
(656, 18, 48),
(657, 19, 21),
(658, 19, 22),
(659, 19, 23),
(660, 19, 24),
(661, 19, 25),
(662, 19, 26),
(663, 19, 27),
(664, 19, 28),
(665, 19, 29),
(666, 19, 30),
(667, 19, 31),
(668, 19, 32),
(669, 19, 33),
(670, 19, 34),
(671, 19, 35),
(672, 19, 36),
(673, 19, 37),
(674, 19, 38),
(675, 19, 39),
(676, 19, 40),
(677, 19, 41),
(678, 19, 42),
(679, 19, 43),
(680, 19, 44),
(681, 19, 45),
(682, 19, 46),
(683, 19, 47),
(684, 19, 48),
(685, 20, 1),
(686, 20, 2),
(687, 20, 3),
(688, 20, 4),
(689, 20, 5),
(690, 20, 6),
(691, 20, 7),
(692, 20, 8),
(693, 20, 9),
(694, 20, 10),
(695, 20, 31),
(696, 20, 32),
(697, 20, 33),
(698, 20, 34),
(699, 20, 35),
(700, 20, 36),
(701, 20, 37),
(702, 20, 38),
(703, 20, 39),
(704, 20, 40),
(705, 20, 41),
(706, 20, 42),
(707, 20, 43),
(708, 20, 44),
(709, 20, 45),
(710, 20, 46),
(711, 20, 47),
(712, 20, 48),
(713, 21, 1),
(714, 21, 2),
(715, 21, 3),
(716, 21, 4),
(717, 21, 5),
(718, 21, 6),
(719, 21, 7),
(720, 21, 8),
(721, 21, 9),
(722, 21, 10),
(723, 21, 11),
(724, 21, 12),
(725, 21, 13),
(726, 21, 14),
(727, 21, 15),
(728, 21, 16),
(729, 21, 17),
(730, 21, 18),
(731, 21, 19),
(732, 21, 20),
(733, 21, 21),
(734, 21, 22),
(735, 21, 23),
(736, 21, 24),
(737, 21, 25),
(738, 21, 26),
(739, 21, 27),
(740, 21, 28),
(741, 21, 29),
(742, 21, 30),
(743, 21, 46),
(744, 21, 47),
(745, 21, 48),
(746, 22, 1),
(747, 22, 2),
(748, 22, 3),
(749, 22, 4),
(750, 22, 5),
(751, 22, 6),
(752, 22, 7),
(753, 22, 8),
(754, 22, 9),
(755, 22, 10),
(756, 22, 26),
(757, 22, 27),
(758, 22, 28),
(759, 22, 29),
(760, 22, 30),
(761, 22, 31),
(762, 22, 32),
(763, 22, 33),
(764, 22, 34),
(765, 22, 35),
(766, 22, 36),
(767, 22, 37),
(768, 22, 38),
(769, 22, 39),
(770, 22, 40),
(771, 22, 41),
(772, 22, 42),
(773, 22, 43),
(774, 22, 44),
(775, 22, 45),
(776, 22, 46),
(777, 22, 47),
(778, 22, 48),
(779, 23, 1),
(780, 23, 2),
(781, 23, 3),
(782, 23, 4),
(783, 23, 5),
(784, 23, 6),
(785, 23, 7),
(786, 23, 8),
(787, 23, 9),
(788, 23, 10),
(789, 23, 11),
(790, 23, 12),
(791, 23, 13),
(792, 23, 14),
(793, 23, 15),
(794, 23, 31),
(795, 23, 32),
(796, 23, 33),
(797, 23, 34),
(798, 23, 35),
(799, 23, 36),
(800, 23, 37),
(801, 23, 38),
(802, 23, 39),
(803, 23, 40),
(804, 23, 41),
(805, 23, 42),
(806, 23, 43),
(807, 23, 44),
(808, 23, 45),
(809, 23, 46),
(810, 23, 47),
(811, 23, 48),
(812, 24, 1),
(813, 24, 2),
(814, 24, 3),
(815, 24, 4),
(816, 24, 5),
(817, 24, 6),
(818, 24, 7),
(819, 24, 8),
(820, 24, 9),
(821, 24, 10),
(822, 24, 16),
(823, 24, 17),
(824, 24, 18),
(825, 24, 19),
(826, 24, 20),
(827, 24, 21),
(828, 24, 22),
(829, 24, 23),
(830, 24, 24),
(831, 24, 25),
(832, 24, 31),
(833, 24, 32),
(834, 24, 33),
(835, 24, 34),
(836, 24, 35),
(837, 24, 36),
(838, 24, 37),
(839, 24, 38),
(840, 24, 39),
(841, 24, 40),
(842, 24, 41),
(843, 24, 42),
(844, 24, 43),
(845, 24, 44),
(846, 24, 45),
(847, 24, 46),
(848, 24, 47),
(849, 24, 48),
(850, 25, 26),
(851, 25, 27),
(852, 25, 28),
(853, 25, 29),
(854, 25, 30),
(855, 25, 31),
(856, 25, 32),
(857, 25, 33),
(858, 25, 34),
(859, 25, 35),
(860, 25, 36),
(861, 25, 37),
(862, 25, 38),
(863, 25, 39),
(864, 25, 40),
(865, 25, 41),
(866, 25, 42),
(867, 25, 43),
(868, 25, 44),
(869, 25, 45),
(870, 25, 46),
(871, 25, 47),
(872, 25, 48),
(873, 26, 16),
(874, 26, 17),
(875, 26, 18),
(876, 26, 19),
(877, 26, 20),
(878, 26, 21),
(879, 26, 22),
(880, 26, 23),
(881, 26, 24),
(882, 26, 25),
(883, 26, 26),
(884, 26, 27),
(885, 26, 28),
(886, 26, 29),
(887, 26, 30),
(888, 26, 31),
(889, 26, 32),
(890, 26, 33),
(891, 26, 34),
(892, 26, 35),
(893, 26, 36),
(894, 26, 37),
(895, 26, 38),
(896, 26, 39),
(897, 26, 40),
(898, 26, 41),
(899, 26, 42),
(900, 26, 43),
(901, 26, 44),
(902, 26, 45),
(903, 26, 46),
(904, 26, 47),
(905, 26, 48);

-- --------------------------------------------------------

--
-- Struktur dari tabel `mapel`
--

CREATE TABLE `mapel` (
  `id_mapel` int(20) NOT NULL,
  `nama_mapel` varchar(100) NOT NULL
) ENGINE=InnoDB DEFAULT CHARSET=latin1;

--
-- Dumping data untuk tabel `mapel`
--

INSERT INTO `mapel` (`id_mapel`, `nama_mapel`) VALUES
(1, 'Administrasi Humas dan Keprotokolan'),
(2, 'Administrasi Kepegawaian'),
(3, 'Administrasi Keuangan '),
(4, 'Administrasi Sarana dan Prasarana'),
(5, 'Administrasi Server dan Keamanan Jaringan'),
(6, 'Administrasi Transaksi'),
(7, 'Administrasi Umum'),
(8, 'Agama'),
(9, 'Bahasa Indonesia'),
(10, 'Bahasa Inggris '),
(11, 'Bahasa Jepang'),
(12, 'Bimbingan Dan Konseling'),
(13, 'Conversation'),
(14, 'Dasar design grafis'),
(15, 'Fiqih'),
(16, 'Fisika'),
(17, 'IPA'),
(18, 'IPS'),
(19, 'Kearsipan'),
(20, 'Kewirausahaan'),
(21, 'Kimia'),
(22, 'KKPI'),
(23, 'Komputer Jaringan Dasar'),
(24, 'Komunikasi Bisnis'),
(25, 'Koresponden'),
(26, 'Marketing'),
(27, 'Matematika'),
(28, 'Melakukan Konfirmasi Keputusan Pelanggan'),
(29, 'Melakukan penyerahan barang / menemukan peluang baru'),
(30, 'Melakukan penyerahan Barang atau Pengiriman Produk'),
(31, 'Melakukan setting ulang koneksi jaringan berbasis luas'),
(32, 'Melakukan Usaha Penjualan Retail'),
(33, 'Membuat desain sistem keamanan jaringan'),
(34, 'Memproses perjalanan bisnis'),
(35, 'Menagih Pembayaran'),
(36, 'Menata Produk'),
(37, 'Mengadministrasi server dalam jaringan '),
(38, 'Mengaplikasikan Administrasi  perkantoran'),
(39, 'Mengdiagnosis Permasalahan perangkat yg tersambung jaringan berbasis luas'),
(40, 'Mengelola Pertemuan Rapat'),
(41, 'Mengelola sistem Kearsipan'),
(42, 'Menggunakan Peralatan Transaksi'),
(43, 'Mengoperasikan Aplikasi Presentasi'),
(44, 'Merancang bangun dan menganalisa wide area network'),
(45, 'Merancang web data base untuk conten server'),
(46, 'Otomatisasi Perkantoran'),
(47, 'Pembinaan'),
(48, 'Pemrograman Dasar'),
(49, ''),
(50, 'Pendidikan Agama Islam '),
(51, 'Pengantar Ekonomi dan Bisnis'),
(52, 'Pengelolaan Bisnis Ritel'),
(53, 'Pengembangan Produk Kreatif'),
(54, 'Penggandaan Dokumen'),
(55, 'Penjaskes'),
(56, 'Perencanaan Bisnis'),
(57, 'Rancang Bangun Jaringan'),
(58, 'Seni Budaya'),
(59, 'Simulasi Digital'),
(60, 'Sistem Komputer'),
(61, 'Tahsin'),
(62, 'Teknologi Infrastruktur Jaringan'),
(63, 'Sejarah Indonesia');

-- --------------------------------------------------------

--
-- Struktur dari tabel `tugas`
--

CREATE TABLE `tugas` (
  `id_tugas` int(20) NOT NULL,
  `id_guru` int(20) NOT NULL,
  `id_mapel` int(20) NOT NULL,
  `id_kelas` int(20) NOT NULL,
  `jumlah_jam` int(20) NOT NULL
) ENGINE=InnoDB DEFAULT CHARSET=latin1;

--
-- Dumping data untuk tabel `tugas`
--

INSERT INTO `tugas` (`id_tugas`, `id_guru`, `id_mapel`, `id_kelas`, `jumlah_jam`) VALUES
(1, 1, 47, 1, 1),
(2, 1, 47, 2, 1),
(3, 1, 47, 3, 1),
(4, 1, 47, 4, 1),
(5, 1, 47, 5, 1),
(6, 1, 47, 6, 1),
(7, 1, 47, 7, 1),
(8, 1, 47, 8, 1),
(9, 1, 47, 9, 1),
(10, 1, 47, 10, 1),
(11, 1, 51, 2, 2),
(12, 1, 51, 3, 2),
(13, 1, 51, 4, 2),
(14, 2, 24, 2, 4),
(15, 2, 46, 3, 4),
(16, 2, 46, 4, 4),
(17, 2, 6, 6, 4),
(18, 2, 43, 10, 3),
(19, 3, 12, 1, 2),
(20, 3, 12, 2, 2),
(21, 3, 12, 3, 2),
(22, 3, 12, 4, 2),
(23, 3, 12, 5, 2),
(24, 3, 12, 6, 2),
(25, 3, 12, 7, 2),
(26, 3, 12, 8, 2),
(27, 3, 12, 9, 2),
(28, 3, 12, 10, 2),
(29, 3, 25, 3, 4),
(30, 3, 25, 4, 4),
(31, 3, 35, 9, 2),
(32, 4, 27, 1, 4),
(33, 4, 27, 2, 4),
(34, 4, 27, 3, 4),
(35, 4, 27, 4, 4),
(36, 4, 27, 6, 4),
(37, 4, 27, 7, 4),
(38, 5, 28, 9, 2),
(39, 5, 29, 9, 2),
(40, 5, 56, 2, 4),
(41, 5, 20, 5, 2),
(42, 5, 20, 6, 2),
(43, 5, 20, 7, 2),
(44, 6, 30, 9, 2),
(45, 6, 24, 6, 4),
(46, 7, 7, 2, 2),
(47, 7, 7, 3, 2),
(48, 7, 7, 4, 2),
(49, 7, 2, 7, 5),
(50, 7, 4, 7, 4),
(51, 7, 38, 10, 3),
(52, 7, 34, 10, 2),
(53, 7, 54, 10, 2),
(54, 8, 19, 3, 4),
(55, 8, 19, 4, 4),
(56, 8, 1, 7, 4),
(57, 8, 41, 10, 3),
(58, 8, 40, 10, 2),
(59, 9, 50, 1, 3),
(60, 9, 50, 2, 3),
(61, 9, 50, 8, 2),
(62, 9, 50, 9, 2),
(63, 9, 50, 10, 2),
(64, 10, 11, 1, 2),
(65, 10, 11, 2, 2),
(66, 10, 11, 3, 2),
(67, 10, 11, 4, 2),
(68, 10, 11, 5, 2),
(69, 10, 11, 6, 2),
(70, 10, 11, 7, 2),
(71, 10, 11, 8, 1),
(72, 10, 11, 9, 2),
(73, 10, 11, 10, 2),
(74, 11, 58, 1, 2),
(75, 11, 58, 3, 2),
(76, 11, 58, 4, 2),
(77, 11, 20, 8, 2),
(78, 11, 20, 9, 2),
(79, 11, 20, 10, 2),
(80, 11, 3, 7, 4),
(81, 12, 27, 5, 4),
(82, 12, 27, 8, 4),
(83, 12, 27, 9, 4),
(84, 12, 27, 10, 4),
(85, 13, 10, 5, 3),
(86, 13, 10, 6, 3),
(87, 13, 10, 8, 4),
(88, 13, 10, 9, 4),
(89, 13, 10, 10, 4),
(90, 13, 13, 8, 1),
(91, 13, 13, 9, 1),
(92, 13, 13, 10, 1),
(93, 14, 10, 1, 2),
(94, 14, 10, 2, 2),
(95, 14, 10, 3, 2),
(96, 14, 10, 4, 2),
(97, 14, 10, 7, 3),
(98, 14, 13, 1, 2),
(99, 14, 13, 2, 2),
(100, 14, 13, 3, 2),
(101, 14, 13, 4, 2),
(102, 14, 13, 5, 2),
(103, 14, 13, 6, 2),
(104, 14, 13, 7, 2),
(105, 15, 15, 1, 2),
(106, 15, 15, 2, 2),
(107, 15, 15, 3, 2),
(108, 15, 15, 4, 2),
(109, 15, 15, 5, 2),
(110, 15, 15, 6, 2),
(111, 15, 15, 7, 2),
(112, 15, 15, 8, 1),
(113, 15, 15, 9, 2),
(114, 15, 15, 10, 2),
(115, 15, 8, 5, 3),
(116, 15, 8, 6, 3),
(117, 15, 8, 7, 3),
(118, 16, 9, 1, 3),
(119, 16, 9, 2, 3),
(120, 16, 9, 3, 3),
(121, 16, 9, 4, 3),
(122, 16, 9, 5, 3),
(123, 16, 9, 6, 3),
(124, 16, 9, 7, 3),
(125, 16, 9, 8, 3),
(126, 16, 9, 9, 3),
(127, 16, 9, 10, 3),
(128, 17, 58, 2, 2),
(129, 17, 58, 8, 2),
(130, 17, 58, 9, 2),
(131, 17, 58, 10, 2),
(132, 18, 23, 1, 4),
(133, 18, 48, 1, 3),
(134, 18, 5, 5, 6),
(135, 18, 53, 5, 3),
(136, 18, 39, 8, 2),
(137, 18, 31, 8, 2),
(138, 18, 33, 8, 2),
(139, 19, 49, 1, 2),
(140, 19, 49, 2, 2),
(141, 19, 49, 3, 2),
(142, 19, 49, 4, 2),
(143, 19, 49, 5, 2),
(144, 19, 49, 6, 2),
(145, 19, 49, 7, 2),
(146, 19, 49, 8, 2),
(147, 19, 49, 9, 2),
(148, 19, 49, 10, 2),
(149, 20, 55, 1, 2),
(150, 20, 55, 2, 2),
(151, 20, 55, 3, 2),
(152, 20, 55, 4, 2),
(153, 20, 55, 5, 2),
(154, 20, 55, 6, 2),
(155, 20, 55, 7, 2),
(156, 20, 55, 8, 2),
(157, 20, 55, 9, 2),
(158, 20, 55, 10, 2),
(159, 21, 26, 2, 4),
(160, 21, 36, 6, 4),
(161, 21, 36, 9, 2),
(162, 21, 52, 6, 5),
(163, 21, 42, 9, 3),
(164, 21, 32, 9, 2),
(165, 22, 63, 1, 2),
(166, 22, 63, 2, 2),
(167, 22, 63, 3, 2),
(168, 22, 63, 4, 2),
(169, 22, 63, 5, 2),
(170, 22, 63, 6, 2),
(171, 22, 63, 7, 2),
(172, 22, 18, 6, 3),
(173, 22, 18, 7, 3),
(174, 22, 18, 8, 2),
(175, 22, 18, 9, 2),
(176, 22, 18, 10, 2),
(177, 23, 17, 2, 2),
(178, 23, 17, 3, 2),
(179, 23, 17, 4, 2),
(180, 23, 17, 8, 2),
(181, 23, 17, 9, 2),
(182, 23, 17, 10, 2),
(183, 23, 16, 1, 3),
(184, 23, 16, 8, 2),
(185, 23, 21, 1, 3),
(186, 23, 21, 8, 2),
(187, 24, 14, 1, 5),
(188, 24, 62, 5, 6),
(189, 24, 37, 8, 3),
(190, 24, 44, 8, 2),
(191, 24, 45, 8, 2),
(192, 25, 61, 1, 1),
(193, 25, 61, 2, 1),
(194, 25, 61, 3, 1),
(195, 25, 61, 4, 1),
(196, 25, 61, 5, 1),
(197, 25, 61, 6, 1),
(198, 25, 61, 7, 1),
(199, 25, 61, 8, 1),
(200, 25, 61, 9, 1),
(201, 25, 61, 10, 1),
(202, 25, 8, 3, 3),
(203, 25, 8, 4, 3),
(204, 26, 59, 1, 3),
(205, 26, 59, 2, 3),
(206, 26, 59, 3, 3),
(207, 26, 59, 4, 3),
(208, 26, 22, 8, 2),
(209, 26, 22, 9, 2),
(210, 26, 22, 10, 2),
(211, 26, 57, 5, 5);

-- --------------------------------------------------------

--
-- Struktur dari tabel `waktu`
--

CREATE TABLE `waktu` (
  `id_waktu` int(20) NOT NULL,
  `hari_waktu` varchar(100) NOT NULL,
  `jam_mulai_waktu` varchar(100) NOT NULL,
  `jam_selesai_waktu` varchar(100) NOT NULL,
  `count_waktu` tinyint(1) NOT NULL
) ENGINE=InnoDB DEFAULT CHARSET=latin1;

--
-- Dumping data untuk tabel `waktu`
--

INSERT INTO `waktu` (`id_waktu`, `hari_waktu`, `jam_mulai_waktu`, `jam_selesai_waktu`, `count_waktu`) VALUES
(1, 'Senin', '07:00:00', '07:45:00', 1),
(2, 'Senin', '07:45:00', '08:30:00', 2),
(3, 'Senin', '08:30:00', '09:15:00', 3),
(4, 'Senin', '09:15:00', '10:00:00', 4),
(5, 'Senin', '10:15:00', '10:55:00', 5),
(6, 'Senin', '10:55:00', '11:35:00', 6),
(7, 'Senin', '11:35:00', '12:15:00', 7),
(8, 'Senin', '13:00:00', '13:40:00', 8),
(9, 'Senin', '13:40:00', '14:20:00', 9),
(10, 'Senin', '14:20:00', '15:00:00', 10),
(11, 'Selasa', '07:00:00', '07:45:00', 1),
(12, 'Selasa', '07:45:00', '08:30:00', 2),
(13, 'Selasa', '08:30:00', '09:15:00', 3),
(14, 'Selasa', '09:15:00', '10:00:00', 4),
(15, 'Selasa', '10:15:00', '10:55:00', 5),
(16, 'Selasa', '10:55:00', '11:35:00', 6),
(17, 'Selasa', '11:35:00', '12:15:00', 7),
(18, 'Selasa', '13:00:00', '13:40:00', 8),
(19, 'Selasa', '13:40:00', '14:20:00', 9),
(20, 'Selasa', '14:20:00', '15:00:00', 10),
(21, 'Rabu', '07:00:00', '07:45:00', 1),
(22, 'Rabu', '07:45:00', '08:30:00', 2),
(23, 'Rabu', '08:30:00', '09:15:00', 3),
(24, 'Rabu', '09:15:00', '10:00:00', 4),
(25, 'Rabu', '10:15:00', '10:55:00', 5),
(26, 'Rabu', '10:55:00', '11:35:00', 6),
(27, 'Rabu', '11:35:00', '12:15:00', 7),
(28, 'Rabu', '13:00:00', '13:40:00', 8),
(29, 'Rabu', '13:40:00', '14:20:00', 9),
(30, 'Rabu', '14:20:00', '15:00:00', 10),
(31, 'Kamis', '07:00:00', '07:45:00', 1),
(32, 'Kamis', '07:45:00', '08:30:00', 2),
(33, 'Kamis', '08:30:00', '09:15:00', 3),
(34, 'Kamis', '09:15:00', '10:00:00', 4),
(35, 'Kamis', '10:15:00', '10:55:00', 5),
(36, 'Kamis', '10:55:00', '11:35:00', 6),
(37, 'Kamis', '11:35:00', '12:15:00', 7),
(38, 'Kamis', '13:00:00', '13:40:00', 8),
(39, 'Kamis', '13:40:00', '14:20:00', 9),
(40, 'Kamis', '14:20:00', '15:00:00', 10),
(41, 'Jumat', '07:15:00', '07:55:00', 1),
(42, 'Jumat', '07:55:00', '08:35:00', 2),
(43, 'Jumat', '08:35:00', '09:15:00', 3),
(44, 'Jumat', '09:30:00', '10:10:00', 4),
(45, 'Jumat', '10:10:00', '10:50:00', 5),
(46, 'Jumat', '10:50:00', '11:30:00', 6),
(47, 'Jumat', '13:15:00', '13:55:00', 7),
(48, 'Jumat', '13:55:00', '14:35:00', 8);

--
-- Indexes for dumped tables
--

--
-- Indexes for table `admin`
--
ALTER TABLE `admin`
  ADD PRIMARY KEY (`id_admin`);

--
-- Indexes for table `guru`
--
ALTER TABLE `guru`
  ADD PRIMARY KEY (`id_guru`);

--
-- Indexes for table `jadwal`
--
ALTER TABLE `jadwal`
  ADD PRIMARY KEY (`id_jadwal`);

--
-- Indexes for table `kelas`
--
ALTER TABLE `kelas`
  ADD PRIMARY KEY (`id_kelas`);

--
-- Indexes for table `kesediaan`
--
ALTER TABLE `kesediaan`
  ADD PRIMARY KEY (`id_kesediaan`);

--
-- Indexes for table `mapel`
--
ALTER TABLE `mapel`
  ADD PRIMARY KEY (`id_mapel`);

--
-- Indexes for table `tugas`
--
ALTER TABLE `tugas`
  ADD PRIMARY KEY (`id_tugas`);

--
-- Indexes for table `waktu`
--
ALTER TABLE `waktu`
  ADD PRIMARY KEY (`id_waktu`);

--
-- AUTO_INCREMENT for dumped tables
--

--
-- AUTO_INCREMENT for table `admin`
--
ALTER TABLE `admin`
  MODIFY `id_admin` int(11) NOT NULL AUTO_INCREMENT, AUTO_INCREMENT=2;
--
-- AUTO_INCREMENT for table `guru`
--
ALTER TABLE `guru`
  MODIFY `id_guru` int(20) NOT NULL AUTO_INCREMENT, AUTO_INCREMENT=28;
--
-- AUTO_INCREMENT for table `jadwal`
--
ALTER TABLE `jadwal`
  MODIFY `id_jadwal` int(22) NOT NULL AUTO_INCREMENT, AUTO_INCREMENT=511;
--
-- AUTO_INCREMENT for table `kelas`
--
ALTER TABLE `kelas`
  MODIFY `id_kelas` int(20) NOT NULL AUTO_INCREMENT, AUTO_INCREMENT=11;
--
-- AUTO_INCREMENT for table `kesediaan`
--
ALTER TABLE `kesediaan`
  MODIFY `id_kesediaan` int(22) NOT NULL AUTO_INCREMENT, AUTO_INCREMENT=906;
--
-- AUTO_INCREMENT for table `mapel`
--
ALTER TABLE `mapel`
  MODIFY `id_mapel` int(20) NOT NULL AUTO_INCREMENT, AUTO_INCREMENT=64;
--
-- AUTO_INCREMENT for table `tugas`
--
ALTER TABLE `tugas`
  MODIFY `id_tugas` int(20) NOT NULL AUTO_INCREMENT, AUTO_INCREMENT=212;
--
-- AUTO_INCREMENT for table `waktu`
--
ALTER TABLE `waktu`
  MODIFY `id_waktu` int(20) NOT NULL AUTO_INCREMENT, AUTO_INCREMENT=49;
/*!40101 SET CHARACTER_SET_CLIENT=@OLD_CHARACTER_SET_CLIENT */;
/*!40101 SET CHARACTER_SET_RESULTS=@OLD_CHARACTER_SET_RESULTS */;
/*!40101 SET COLLATION_CONNECTION=@OLD_COLLATION_CONNECTION */;
